Time [ns],V(AM_SI) [mV],V(SI) [mV],Time [ns],V(AM_SI) [mV],V(SI) [mV]
0,-1.27E-12,0,0,-1.27E-12,0
0.004468337,-2.201620869,-2.201633307,1.25E-10,-2.20E+00,-2.19838882
0.008936675,-4.396747678,-4.39677764,2.5E-10,-5.444598873,-5.444626389
0.017873349,-8.687576876,-8.687619472,3.75E-10,-9.198951058,-9.198981513
0.030341938,-14.00115444,-14.00118539,5E-10,-1.33E+01,-13.30361035
0.042810527,-17.91957484,-17.91960122,6.25E-10,-16.91093256,-16.91095705
0.066806036,-19.82071069,-19.82072872,7.5E-10,-15.87878123,-15.8788082
0.090801544,-13.83798763,-13.83801517,8.75E-10,-7.12E+00,-7.116784168
0.12777876,5.587309667,5.587160381,0.000000001,5.817114984,5.816981434
0.164755975,25.4722176,25.47197804,1.125E-09,17.66315128,17.66300771
0.214429522,29.73899289,29.73885503,1.25E-09,1.13E+01,11.29816587
0.274545041,-2.87573548,-2.875646302,1.375E-09,-5.0137759,-5.013726027
0.334660561,-39.76654469,-39.76630708,1.5E-09,-15.53008624,-15.52999125
0.408587246,-28.184437,-28.1843362,1.625E-09,-3.90E+00,-3.900539548
0.482513932,31.96535279,31.96522799,1.75E-09,14.75390066,14.7539693
0.572302021,57.69223832,57.6922748,1.875E-09,14.6944649,14.6945495
0.66209011,-2.576422984,-2.576128993,0.000000002,4.74E+00,4.737719341
0.751878199,-48.21696056,-48.21683612,2.125E-09,-7.663035612,-7.663024749
0.841666288,-12.74964824,-12.74992051,2.25E-09,-9.134299482,-9.134382023
0.931454377,29.9483616,29.94807208,2.375E-09,-2.71E+00,-2.711346432
1.021242465,7.32723675,7.327227641,2.5E-09,-1.8858659,-1.88600996
1.111030554,-33.7200934,-33.720092,2.625E-09,-7.015493301,-7.015581101
1.219012875,-21.35822335,-21.35838984,2.75E-09,-8.66E+00,-8.658688111
1.326995196,16.40268646,16.40271577,2.875E-09,-2.505683003,-2.505573798
1.434977517,16.34685735,16.34724225,0.000000003,13.05892919,13.05907183
1.542959838,9.715171928,9.715427884,3.125E-09,1.69E+01,16.91724892
1.650942159,17.48732939,17.48725559,3.25E-09,5.073400429,5.073473439
1.75892448,0.431628931,0.431518994,3.375E-09,-5.729974475,-5.730070424
1.866906801,-28.94727834,-28.94739644,3.5E-09,-8.50E+00,-8.50159623
1.974889122,-17.43441577,-17.43471145,3.625E-09,-9.376525505,-9.37672075
2.082871443,10.19422733,10.19395494,3.75E-09,-9.117710464,-9.117813763
2.190853764,-0.801005155,-0.800916072,3.875E-09,-4.92E+00,-4.923703705
2.298836085,-20.04166516,-20.04136235,0.000000004,0.316657092,0.316817913
2.406818406,1.434319339,1.434551897,4.125E-09,4.804422927,4.804657448
2.514800727,29.65051101,29.65067724,4.25E-09,1.02E+01,10.24584906
2.622783048,19.05704428,19.05714622,4.375E-09,12.14406047,12.14407451
2.730765369,-5.36239008,-5.362528221,4.5E-09,4.281634392,4.281505205
2.83874769,-10.49377549,-10.49413581,4.625E-09,-6.86E+00,-6.862662379
2.969105391,-8.362551902,-8.362796536,4.75E-09,-9.446102778,-9.446283561
3.099463092,-8.398430063,-8.398431311,4.875E-09,-3.654558222,-3.654619389
3.229820793,1.053435459,1.053557758,0.000000005,-2.92E+00,-2.921754908
3.360178494,2.5546758,2.554921496,5.125E-09,-2.227438731,-2.227243562
3.490536195,-5.508312921,-5.508044881,5.25E-09,5.180050562,5.180178366
3.620893896,7.805425325,7.805435237,5.375E-09,8.40E+00,8.402995989
3.751251597,22.31426682,22.31403686,5.5E-09,4.47113655,4.471035513
3.881609298,1.136847776,1.136635788,5.625E-09,0.832848424,0.832688533
4.011966999,-20.64856997,-20.6486598,5.75E-09,-3.44E+00,-3.442603543
4.1423247,-8.021942198,-8.021842874,5.875E-09,-7.469931642,-7.469822452
4.272682401,5.70870669,5.709014891,0.000000006,-4.612296052,-4.612097545
4.403040102,-1.202649906,-1.202352215,6.125E-09,3.81E-01,0.381359396
4.533397803,-4.946334364,-4.946296099,6.25E-09,0.5522208,0.552288264
4.663755503,2.307091505,2.306928744,6.375E-09,1.94493921,1.944859457
4.794113204,8.836212784,8.836015014,6.5E-09,6.53E+00,6.525171768
4.924470905,10.74352078,10.74341479,6.625E-09,5.32300258,5.322975608
5.054828606,1.809792377,1.809936202,6.75E-09,-1.709738706,-1.709591664
5.185186307,-14.16299819,-14.16259812,6.875E-09,-6.37E+00,-6.36785659
5.315544008,-14.54602529,-14.54564938,0.000000007,-7.786465242,-7.786236961
5.445901709,-1.409932289,-1.409875803,7.125E-09,-7.366175192,-7.366131287
5.57625941,-0.186325092,-0.186613193,7.25E-09,-2.68E+00,-2.677486134
5.706617111,-3.944666758,-3.945096464,7.375E-09,4.601010288,4.600768539
5.836974812,9.388345667,9.38815027,7.5E-09,9.359348194,9.359309821
5.967332513,22.66336315,22.66371611,7.625E-09,9.12E+00,9.122821806
6.097690214,8.856700537,8.857493342,7.75E-09,2.008948879,2.009472282
6.228047915,-18.64546539,-18.64477154,7.875E-09,-9.587595493,-9.587236998
6.358405616,-28.03189152,-28.03196734,0.000000008,-1.44E+01,-14.44365145
6.488763317,-10.24188439,-10.24253136,8.125E-09,-6.414208086,-6.414470797
6.619121018,15.20347535,15.20302575,8.25E-09,4.906068712,4.905529311
6.749478718,20.05402181,20.05358999,8.375E-09,8.64E+00,8.637831056
6.879836419,2.072739732,2.072636367,8.5E-09,5.771614076,5.771772812
7.01019412,-8.510793662,-8.510044362,8.625E-09,2.114105834,2.114454797
7.140551821,2.155471937,2.156273228,8.75E-09,-1.77E-01,-0.176051789
7.270909522,8.157668777,8.157940784,8.875E-09,-2.171533868,-2.171208228
7.401267223,-6.498539672,-6.498689684,0.000000009,-5.163989016,-5.164032882
7.531624924,-18.48564681,-18.48600655,9.125E-09,-6.87E+00,-6.867255482
7.661982625,-7.235318259,-7.23582128,9.25E-09,-2.635100726,-2.635400475
7.792340326,13.21544536,13.2152056,9.375E-09,5.846848851,5.846782818
7.922698027,18.92901596,18.92938692,9.5E-09,9.92E+00,9.917564957
8.053055728,6.619269793,6.619924317,9.625E-09,5.163767345,5.164184632
8.183413429,-8.601481271,-8.601017652,9.75E-09,-4.522603379,-4.522295076
8.31377113,-15.66447655,-15.66451447,9.875E-09,-1.30E+01,-13.01095788
8.444128831,-17.42052561,-17.42089811,0.00000001,-13.49260452,-13.49281159
8.574486532,-11.32073249,-11.32110872,1.0125E-08,0.798416496,0.798275623
8.704844233,19.0173586,19.01744936,1.025E-08,2.61E+01,26.08508457
8.835201934,63.49058684,63.49127785,1.0375E-08,40.61051783,40.61097225
8.965559634,62.20367705,62.20449515,1.05E-08,19.26831953,19.2688533
9.095917335,-24.95394778,-24.95357125,1.0625E-08,-3.62E+01,-36.20535441
9.226275036,-134.6147852,-134.615204,1.075E-08,-83.24678059,-83.24708739
9.356632737,-141.5396134,-141.5406035,1.0875E-08,-68.53714746,-68.5378241
9.486990438,-2.459509735,-2.460444236,0.000000011,1.49E+01,14.89307988
9.617348139,171.3267761,171.3267633,1.1125E-08,106.2244186,106.2245964
9.74770584,214.9083469,214.9096369,1.125E-08,126.8691952,126.8702253
9.878063541,82.41161436,82.41368728,1.1375E-08,5.91E+01,59.10384935
10,-96.70361532,-96.70193824,1.15E-08,-10.03615458,-10.03427235
10.00446834,-102.4839235,-102.482232,1.1625E-08,-102.4019934,-102.4003094
10.00893667,-108.1003715,-108.0986805,1.175E-08,-1.11E+02,-110.7373545
10.01787335,-118.9940744,-118.9924771,1.1875E-08,-123.4174159,-123.4158995
10.03579447,-138.7344603,-138.7331185,0.000000012,-144.200064,-144.198854
10.07185222,-169.4060536,-169.4052308,1.2125E-08,-1.66E+02,-166.2802223
10.14440137,-193.8269515,-193.8273261,1.225E-08,-160.8370312,-160.8376015
10.25720366,-152.2680089,-152.2699721,1.2375E-08,-129.1351988,-129.1367436
10.37000595,-64.44344601,-64.44616099,1.25E-08,-6.74E+01,-67.43670221
10.48280823,17.39866268,17.39656771,1.2625E-08,10.91127743,10.90982827
10.59561052,86.26600087,86.26581753,1.275E-08,82.19412989,82.19414338
10.70841281,146.9895971,146.9917191,1.2875E-08,1.28E+02,127.9541892
10.8212151,169.6390392,169.6425609,0.000000013,132.5777198,132.5804274
10.93401739,118.1658426,118.1691358,1.3125E-08,86.87117955,86.87370214
11.04681968,4.103319923,4.104843342,1.325E-08,7.32E-01,0.733049534
11.15962197,-116.7019653,-116.7030367,1.3375E-08,-90.34877824,-90.34961015
11.27242425,-184.8008764,-184.8040636,1.35E-08,-142.6356323,-142.6380488
11.38522654,-168.5692993,-168.5730608,1.3625E-08,-1.33E+02,-132.9816704
11.49802883,-81.15683716,-81.15927712,1.375E-08,-70.41797754,-70.41981101
11.61083112,27.73334426,27.73343877,1.3875E-08,14.96051573,14.96062859
11.72363341,111.0778686,111.0805343,0.000000014,8.93E+01,89.31886446
11.8364357,150.9002564,150.9042902,1.4125E-08,127.3475813,127.3506781
11.94923799,143.6172941,143.6208218,1.425E-08,118.4109048,118.4136438
12.06204027,85.92155319,85.92299744,1.4375E-08,6.69E+01,66.90023147
12.17484256,-9.819173529,-9.820358879,1.45E-08,-10.16154581,-10.16239305
12.28764485,-106.2446448,-106.2477835,1.4625E-08,-85.82788303,-85.83027485
12.40044714,-161.8365925,-161.8401908,1.475E-08,-1.31E+02,-130.6294925
12.51324943,-155.0087761,-155.0112014,1.4875E-08,-126.2381202,-126.2400219
12.62605172,-90.63964783,-90.63985299,0.000000015,-75.08519143,-75.085385
12.73885401,4.838393262,4.840431394,1.5125E-08,2.99E+00,2.989014653
12.8516563,96.61450297,96.61788229,1.525E-08,81.03889926,81.04157113
12.96445858,157.2394052,157.2427109,1.5375E-08,132.9006979,132.9033645
13.07726087,169.1868928,169.1888468,1.55E-08,1.39E+02,138.6337308
13.19006316,120.0247727,120.0247507,1.5625E-08,91.22063236,91.22075228
13.30286545,13.25437192,13.25265777,1.575E-08,2.935685405,2.934414318
13.41566774,-114.1534019,-114.1559221,1.5875E-08,-9.41E+01,-94.05648087
13.52847003,-201.3632042,-201.3656195,0.000000016,-157.6408138,-157.6429867
13.64127232,-201.1282258,-201.1300513,1.6125E-08,-155.7908038,-155.7925769
13.7540746,-110.2184034,-110.2195344,1.625E-08,-8.58E+01,-85.78626322
13.86687689,29.55781107,29.55752483,1.6375E-08,22.30862562,22.30861107
13.97967918,154.8356547,154.8367565,1.65E-08,121.2503706,121.2518374
14.09248147,212.9429301,212.94615,1.6625E-08,1.69E+02,169.4341573
14.20528376,184.026122,184.0315582,1.675E-08,147.51142,147.5161515
14.31808605,82.07990982,82.08615308,1.6875E-08,64.27424996,64.27902424
14.43088834,-55.47762207,-55.47350969,0.000000017,-4.73E+01,-47.33106418
14.54369062,-176.7470175,-176.7482814,1.7125E-08,-141.5911631,-141.593808
14.68134401,-227.704704,-227.7141063,1.725E-08,-158.7247698,-158.7323274
14.8189974,-140.702522,-140.7163733,1.7375E-08,-9.82E+01,-98.25688776
14.95665079,31.20995677,31.2003308,1.75E-08,19.95822779,19.95295004
15.09430418,180.6189776,180.6222734,1.7625E-08,125.2754062,125.2796439
15.23195757,219.3408556,219.358957,1.775E-08,1.57E+02,156.5361655
15.36961096,132.425625,132.4500576,1.7875E-08,100.2039278,100.2206035
15.50726435,-18.93300003,-18.91774996,0.000000018,-9.261848293,-9.253185529
15.64491774,-150.9493215,-150.9564287,1.8125E-08,-1.12E+02,-111.982785
15.78257113,-205.0178101,-205.04782,1.825E-08,-152.6829733,-152.7051738
15.92022452,-154.416625,-154.4539188,1.8375E-08,-110.1958779,-110.2210821
16.0578779,-15.3739457,-15.39434427,1.85E-08,-7.67E+00,-7.685850446
16.19553129,139.0684162,139.082218,1.8625E-08,100.5694715,100.5817626
16.33318468,216.5128886,216.5578694,1.875E-08,154.9135021,154.9460952
16.47083807,170.7585879,170.8099724,1.8875E-08,1.23E+02,122.910259
16.60849146,29.23785517,29.26264855,0.000000019,21.77543156,21.79018372
16.74614485,-127.2077248,-127.2296049,1.9125E-08,-91.02521877,-91.04312079
16.88379824,-211.2882927,-211.3488901,1.925E-08,-1.53E+02,-153.0576638
17.02145163,-178.8206205,-178.8857227,1.9375E-08,-129.8151739,-129.8596981
17.15910502,-48.34205518,-48.37050604,1.95E-08,-33.1635014,-33.18087744
17.29675841,112.4936177,112.5239678,1.9625E-08,8.34E+01,83.3846802
17.4344118,215.0637751,215.1398664,1.975E-08,153.6210558,153.6755335
17.57206518,194.7484939,194.8270992,1.9875E-08,136.8949595,136.9492708
17.70971857,58.72614394,58.75867509,0.00000002,4.12E+01,41.26135443
17.84737196,-112.2669695,-112.3043903,2.0125E-08,-79.25996977,-79.28861663
17.98502535,-217.2460835,-217.3359084,2.025E-08,-154.3671857,-154.431519
18.12267874,-196.467402,-196.5586476,2.0375E-08,-1.40E+02,-140.3294842
18.26033213,-63.28570341,-63.32306001,2.05E-08,-45.84364864,-45.86791046
18.39798552,104.7801047,104.8228267,2.0625E-08,74.1619826,74.19441626
18.53563891,211.6096686,211.7118925,2.075E-08,1.51E+02,151.1492045
18.6732923,197.3715287,197.4755824,2.0875E-08,141.2260846,141.2991076
18.81094569,70.8425005,70.8863226,0.000000021,51.61298416,51.64216071
18.94859908,-94.14556037,-94.19126095,2.1125E-08,-6.48E+01,-64.80129525
19.08625246,-200.3764253,-200.4889131,2.125E-08,-141.4264152,-141.5071323
19.22390585,-188.70727,-188.8230037,2.1375E-08,-136.7501463,-136.8318019
19.36155924,-73.12386727,-73.17469075,2.15E-08,-5.60E+01,-56.03099862
19.49921263,76.71442299,76.7610065,2.1625E-08,53.97229608,54.00709109
19.63686602,181.0684594,181.1888729,2.175E-08,132.8275553,132.9141675
19.77451941,188.9406876,189.0673285,2.1875E-08,1.39E+02,139.3668593
19.9121728,97.4854086,97.54484561,0.000000022,70.3425008,70.38361825
20.04982619,-48.25568599,-48.30009198,2.2125E-08,-37.9416456,-37.97476648
20.18747958,-173.3686998,-173.4943786,2.225E-08,-1.27E+02,-127.5660751
20.32513297,-206.6955006,-206.8320582,2.2375E-08,-147.9823177,-148.0795529
20.46278636,-122.5959356,-122.6647273,2.25E-08,-85.79131534,-85.83940825
20.60043974,35.11286991,35.15324169,2.2625E-08,2.62E+01,26.24997763
20.73809313,175.0359234,175.1646826,2.275E-08,125.436302,125.5289516
20.87574652,215.7597341,215.9046615,2.2875E-08,155.119239,155.2227704
21.01339991,135.2025547,135.2808582,0.000000023,9.79E+01,97.94663579
21.1510533,-19.97730179,-20.01138987,2.3125E-08,-14.31822461,-14.3433288
21.28870669,-163.8390039,-163.9675158,2.325E-08,-119.1593796,-119.2519025
21.42636008,-218.3414574,-218.4924151,2.3375E-08,-1.59E+02,-158.6257599
21.56401347,-153.1959318,-153.284004,2.35E-08,-109.9218301,-109.9847579
21.70166686,-1.502202888,-1.477100781,2.3625E-08,0.724321299,0.742745378
21.83932025,154.6445744,154.7694947,2.375E-08,1.12E+02,112.4487633
21.97697364,226.2195559,226.3746273,2.3875E-08,162.0749112,162.1865378
22.11462702,169.5052481,169.603581,0.000000024,120.7097969,120.7804634
22.25228041,15.20003778,15.18629949,2.4125E-08,1.05E+01,10.51544437
22.3899338,-148.4541633,-148.5726922,2.425E-08,-106.3989002,-106.4844956
22.52758719,-227.9978382,-228.1552907,2.4375E-08,-163.6816859,-163.7953008
22.66524058,-178.9092085,-179.0179094,2.45E-08,-1.29E+02,-129.0380676
22.80289397,-29.92145934,-29.92084462,2.4625E-08,-22.00998887,-22.00949762
22.94054736,134.8892308,134.9989142,2.475E-08,96.98309484,97.06235825
23.07820075,223.887649,224.0455611,2.4875E-08,1.61E+02,161.5273696
23.21585414,187.9372084,188.0558251,0.000000025,135.3883862,135.4742024
23.35350753,46.88912344,46.90284361,2.5125E-08,33.46755002,33.47754925
23.49116091,-121.0021083,-121.1007266,2.525E-08,-8.77E+01,-87.73753851
23.6288143,-222.2215707,-222.3779206,2.5375E-08,-160.536638,-160.6498389
23.76646769,-200.0711677,-200.1989512,2.55E-08,-144.1146631,-144.2072821
23.90412108,-66.00775561,-66.03664348,2.5625E-08,-4.69E+01,-46.90664173
24.04177447,106.2999443,106.3856677,2.575E-08,77.23361536,77.29564058
24.17942786,220.4749863,220.6279246,2.5875E-08,158.4263807,158.5371738
24.31708125,210.552817,210.6886798,0.000000026,1.50E+02,150.1150333
24.45473464,79.55805007,79.60214195,2.6125E-08,55.55348261,55.58559334
24.59238803,-99.44585183,-99.51749311,2.625E-08,-71.86425249,-71.91598036
24.73004142,-223.2865551,-223.4341027,2.6375E-08,-1.59E+02,-159.2398812
24.86769481,-218.8202141,-218.9622693,2.65E-08,-155.4379238,-155.5410305
25.00534819,-87.58929261,-87.64795842,2.6625E-08,-62.3417655,-62.38463107
25.14300158,94.13668316,94.19300715,2.675E-08,6.66E+01,66.68150436
25.28065497,220.8712771,221.0109671,2.6875E-08,157.0682434,157.1694686
25.41830836,219.9998035,220.14593,0.000000027,156.8769937,156.9832371
25.55596175,92.88271025,92.955507,2.7125E-08,6.64E+01,66.4246975
25.69361514,-87.25689941,-87.29653497,2.725E-08,-62.33477489,-62.36319195
25.83126853,-217.55226,-217.6818909,2.7375E-08,-155.4297259,-155.5237502
25.96892192,-223.6025525,-223.7509655,2.75E-08,-1.60E+02,-159.6722379
26.10657531,-101.5762462,-101.6625848,2.7625E-08,-72.30848731,-72.37157945
26.2442287,78.98557784,79.00780661,2.775E-08,56.36808339,56.38389389
26.38188209,214.3124129,214.4303726,2.7875E-08,1.53E+02,152.7755351
26.51953547,226.3942856,226.5432636,0.000000028,161.4955697,161.6040223
26.65718886,108.6787265,108.7776719,2.8125E-08,77.99292047,78.06520409
26.79484225,-70.40844468,-70.41285544,2.825E-08,-4.96E+01,-49.63646257
26.93249564,-207.9458672,-208.0505971,2.8375E-08,-148.2506449,-148.3267158
27.07014903,-226.0928452,-226.2405762,2.85E-08,-161.8958963,-162.0035078
27.20780242,-115.8459254,-115.9564185,2.8625E-08,-8.35E+01,-83.54472149
27.34545581,59.16469158,59.15113318,2.875E-08,41.868565,41.85852228
27.4831092,199.5830554,199.6734631,2.8875E-08,142.7841464,142.8499262
27.62076259,226.4036013,226.5487192,0.000000029,1.62E+02,162.4422267
27.75841598,125.089976,125.2109903,2.9125E-08,89.95087532,90.03903742
27.89606937,-46.50185064,-46.47064433,2.925E-08,-32.9424288,-32.9197122
28.03372275,-190.9748336,-191.0504147,2.9375E-08,-1.37E+02,-136.6288606
28.17137614,-226.6457728,-226.7870769,2.95E-08,-162.3359947,-162.4388306
28.30902953,-133.6971557,-133.8272465,2.9625E-08,-95.85774497,-95.9523286
28.44668292,34.93028281,34.88241966,2.975E-08,2.50E+01,24.94843856
28.58433631,183.6634439,183.7241236,2.9875E-08,131.5897941,131.6339949
28.7219897,228.2493055,228.3855702,0.00000003,163.5135338,163.6125771
28.85964309,143.3636236,143.5010306,3.0125E-08,1.03E+02,102.8359098
28.99729648,-22.77699331,-22.71375058,3.025E-08,-16.00861372,-15.96280973
29.13494987,-175.380851,-175.4266501,3.0375E-08,-124.9075772,-124.940942
29.27260326,-227.0381611,-227.1681334,3.05E-08,-1.62E+02,-161.8739032
29.41025665,-148.1782227,-148.3211563,3.0625E-08,-105.7483392,-105.8519643
29.54791003,15.54148278,15.46420466,3.075E-08,10.73768698,10.68180339
29.68556342,169.6535966,169.6847631,3.0875E-08,1.21E+02,120.6396711
29.82321681,225.6923609,225.8151376,0.000000031,160.8927253,160.9817379
29.9608702,152.131854,152.2787126,3.1125E-08,108.8635603,108.9698296
30.09852359,-7.965240254,-7.875478444,3.125E-08,-5.03E+00,-4.960241997
30.23617698,-162.1819442,-162.1991966,3.1375E-08,-114.9658594,-114.9784775
30.37383037,-221.9664785,-222.0814766,3.15E-08,-157.8013134,-157.8844912
30.51148376,-153.4206826,-153.5697858,3.1625E-08,-1.09E+02,-109.4494765
30.64913715,3.282886905,3.182523613,3.175E-08,1.896533847,1.824143547
30.78679054,157.2137503,157.2180729,3.1875E-08,111.4176609,111.4208418
30.92444393,219.552435,219.65916,0.000000032,1.56E+02,156.2424869
31.06209731,155.1172103,155.2669009,3.2125E-08,110.8461092,110.9540309
31.1997507,2.139783518,2.248901748,3.225E-08,2.137105451,2.215733007
31.33740409,-150.8429994,-150.8354349,3.2375E-08,-1.07E+02,-107.1382483
31.47505748,-216.4271915,-216.5253983,3.25E-08,-154.3506532,-154.4213356
31.61271087,-157.858307,-158.0072362,3.2625E-08,-112.74587,-112.8530263
31.75036426,-9.064548586,-9.180654339,3.275E-08,-6.46E+00,-6.53964699
31.88801765,144.9460946,144.9279422,3.2875E-08,103.4831157,103.4699665
32.02567104,216.03078,216.1205872,0.000000033,160.2147458,160.2778347
32.14575432,175.483397,175.6277272,3.3125E-08,1.35E+02,135.4126479
32.2658376,54.57002669,54.7047085,3.325E-08,42.06348331,42.16829372
32.38592088,-91.35643043,-91.29113981,3.3375E-08,-68.85781796,-68.8045775
32.5,-192.2856626,-192.3138635,3.35E-08,-1.44E+02,-144.2659714
32.50893667,-197.2050514,-197.240803,3.3625E-08,-196.9282011,-196.9638877
32.51787335,-201.5707396,-201.6139119,3.375E-08,-203.0723256,-203.1190609
32.5357467,-208.9395998,-208.9973187,3.3875E-08,-2.09E+02,-209.1497073
32.5715358,-216.6008718,-216.6855026,0.000000034,-205.8820062,-205.9737801
32.64330502,-202.8244126,-202.9502415,3.4125E-08,-162.9866078,-163.101484
32.76096946,-109.3723437,-109.5174655,3.425E-08,-8.60E+01,-86.13611796
32.87863391,30.78014334,30.67800553,3.4375E-08,24.24296231,24.16258123
32.99629835,157.8582683,157.8426279,3.45E-08,124.0953444,124.0827384
33.1139628,217.4105455,217.4874712,3.4625E-08,1.69E+02,169.2640724
33.23162724,180.5497863,180.6855168,3.475E-08,140.5742524,140.6806098
33.34929168,63.7379593,63.87374843,3.4875E-08,50.66776848,50.7744453
33.46695613,-79.2142493,-79.13662624,0.000000035,-6.22E+01,-62.10077433
33.58462057,-188.0619806,-188.0752971,3.5125E-08,-148.5281614,-148.5381824
33.70228501,-217.8420735,-217.9397386,3.525E-08,-170.1328718,-170.2091356
33.81994946,-152.203763,-152.342974,3.5375E-08,-1.18E+02,-117.7703852
33.9376139,-17.48050172,-17.60103193,3.55E-08,-14.01577014,-14.11051425
34.05527835,124.1722228,124.1219455,3.5625E-08,95.83555602,95.79566449
34.17294279,209.1516138,209.1923609,3.575E-08,1.63E+02,163.5035387
34.29060723,202.7719708,202.8851319,3.5875E-08,158.8947623,158.9831545
34.40827168,108.6379107,108.7739482,0.000000036,84.78616075,84.89283663
34.52593612,-33.19964931,-33.09945861,3.6125E-08,-2.58E+01,-25.72406854
34.64360056,-160.2438988,-160.2220853,3.625E-08,-124.9835132,-124.9658359
34.76126501,-216.7673771,-216.8322131,3.6375E-08,-169.9018909,-169.9521862
34.87892945,-179.559883,-179.6822871,3.65E-08,-1.41E+02,-140.9206552
34.99659389,-64.88251323,-65.00909726,3.6625E-08,-50.57369641,-50.67307756
35.11425834,78.41249013,78.33613194,3.675E-08,61.07761674,61.01726486
35.23192278,187.0377467,187.043627,3.6875E-08,1.46E+02,145.5239876
35.34958723,212.6275177,212.7118433,0.000000037,166.2544654,166.3200624
35.46725167,145.471184,145.5964979,3.7125E-08,114.3276374,114.4256984
35.58491611,16.02775708,16.13955349,3.725E-08,1.26E+01,12.67963296
35.70258056,-120.2876983,-120.237232,3.7375E-08,-94.2261677,-94.1860167
35.820245,-204.4800925,-204.5115869,3.75E-08,-159.5654083,-159.5894072
35.93790944,-198.8431182,-198.9415824,3.7625E-08,-1.55E+02,-155.2778109
36.05557389,-105.9221402,-106.0440348,3.775E-08,-83.14171367,-83.2371894
36.17323833,32.55969088,32.4672036,3.7875E-08,24.93498895,24.86209123
36.29090278,155.7921181,155.7682173,0.000000038,1.21E+02,121.3492485
36.40856722,210.177713,210.2312935,3.8125E-08,163.9829937,164.0242682
36.52623166,172.1738692,172.280319,3.825E-08,134.700841,134.7838706
36.64389611,59.22396898,59.33644771,3.8375E-08,4.68E+01,46.86532259
36.76156055,-78.61972778,-78.54967385,3.85E-08,-61.29909043,-61.24362594
36.87922499,-181.8221498,-181.8236996,3.8625E-08,-142.3320351,-142.3324551
36.99688944,-206.0443424,-206.1152364,3.875E-08,-1.61E+02,-161.0004877
37.11455388,-140.0690789,-140.1772758,3.8875E-08,-109.1076916,-109.1921982
37.23221833,-12.17104087,-12.26916006,0.000000039,-9.5763422,-9.6534751
37.34988277,120.9163945,120.8703256,3.9125E-08,9.40E+01,93.92217161
37.46754721,200.0889385,200.1135033,3.925E-08,155.8827841,155.9011975
37.58521166,190.8491737,190.9320695,3.9375E-08,148.9545718,149.0188851
37.7028761,97.8202051,97.92426694,3.95E-08,7.65E+01,76.62504246
37.82054054,-37.76183439,-37.68198457,3.9625E-08,-29.16408287,-29.10112551
37.93820499,-156.1483708,-156.1265179,3.975E-08,-121.6676873,-121.6497727
38.05586943,-205.5735401,-205.6175609,3.9875E-08,-1.60E+02,-160.464778
38.17353387,-164.7139157,-164.8030381,0.00000004,-128.4748525,-128.544128
38.29119832,-51.37616485,-51.47069505,4.0125E-08,-39.91532451,-39.98937941
38.40886276,84.88326671,84.82427929,4.025E-08,6.62E+01,66.13668843
38.52652721,183.7430507,183.7440719,4.0375E-08,143.0961079,143.0960541
38.64419165,201.3089491,201.3678288,4.05E-08,157.0583095,157.1036324
38.76185609,130.3735682,130.4631929,4.0625E-08,1.02E+02,102.1968277
38.87952054,2.945122764,3.02582662,4.075E-08,2.726935687,2.790291822
38.99718498,-124.9196968,-124.8826093,4.0875E-08,-97.33357281,-97.30389022
39.11484942,-197.6122684,-197.6336071,0.000000041,-1.54E+02,-154.2967495
39.23251387,-183.642092,-183.7108896,4.1125E-08,-143.3747049,-143.4278597
39.35017831,-89.13714147,-89.22211243,4.125E-08,-69.46054288,-69.52679134
39.46784276,44.72100628,44.65730697,4.1375E-08,3.51E+01,35.04245324
39.5855072,159.3223318,159.3070189,4.15E-08,124.366799,124.354101
39.70317164,204.0125917,204.050895,4.1625E-08,159.0665684,159.0957059
39.82083609,158.810805,158.8843928,4.175E-08,1.24E+02,124.0070883
39.93850053,43.88762287,43.96328158,4.1875E-08,34.57090997,34.62999636
40.05616497,-89.66898506,-89.62440012,0.000000042,-69.6701532,-69.63485387
40.17382942,-183.2279293,-183.2329893,4.2125E-08,-1.43E+02,-142.9818746
40.29149386,-196.2883534,-196.3393491,4.225E-08,-153.3188742,-153.3580103
40.4091583,-123.4098191,-123.4830314,4.2375E-08,-96.35777772,-96.41460273
40.52682275,3.572797925,3.510143647,4.25E-08,2.76E+00,2.711741794
40.64448719,128.9313893,128.906515,4.2625E-08,100.4394803,100.4195469
40.76215164,197.3061627,197.3289502,4.275E-08,153.8019002,153.8190155
40.87981608,178.6724111,178.7315161,4.2875E-08,1.40E+02,139.8151539
40.99748052,82.232982,82.30135764,0.000000043,65.27321388,65.32636152
41.11514497,-48.12598332,-48.078793,4.3125E-08,-36.36143056,-36.32441367
41.23280941,-154.9558431,-154.950185,4.325E-08,-1.21E+02,-120.9013951
41.35047385,-193.6866449,-193.7239972,4.3375E-08,-152.7779843,-152.8065309
41.4681383,-150.6001255,-150.6628769,4.35E-08,-119.5707062,-119.6192236
41.58580274,-45.4547675,-45.51445,4.3625E-08,-3.60E+01,-36.0409114
41.70346719,78.61120224,78.58105406,4.375E-08,63.03231807,63.00855518
41.82113163,171.5194036,171.5315604,4.3875E-08,136.4360793,136.4450874
41.93879607,194.2609563,194.3091207,0.000000044,1.53E+02,153.0972488
42.05646052,134.6009446,134.6629373,4.4125E-08,107.4224775,107.4710705
42.16874899,20.58399864,20.63302023,4.425E-08,14.90633865,14.94539292
42.28103747,-104.7882673,-104.7721514,4.4375E-08,-8.47E+01,-84.73200169
42.39332595,-190.0741089,-190.0970236,4.45E-08,-152.7050165,-152.7224679
42.5,-200.6217658,-200.6727844,4.4625E-08,-192.0408585,-192.0792277
42.51787335,-194.007608,-194.0614319,4.475E-08,-1.93E+02,-192.9626737
42.5357467,-185.1966507,-185.2525631,4.4875E-08,-178.290734,-178.3469965
42.5714934,-162.57386,-162.632561,0.000000045,-158.8682205,-158.9255601
42.6072401,-132.5397902,-132.5985571,4.5125E-08,-1.10E+02,-110.116405
42.67911509,-57.54925773,-57.600249,4.525E-08,-31.55652581,-31.59720201
42.79098234,69.42673858,69.40415312,4.5375E-08,55.70697736,55.68889949
42.90284958,168.9632125,168.978048,4.55E-08,1.37E+02,137.2433423
43.01471683,205.0366947,205.0825314,4.5625E-08,164.9001002,164.9363979
43.12658407,160.836988,160.8947479,4.575E-08,127.8995742,127.9453873
43.23845132,50.76245372,50.80824314,4.5875E-08,4.07E+01,40.78505314
43.35031856,-79.33969463,-79.32464162,0.000000046,-63.31190534,-63.29988387
43.46218581,-177.3862644,-177.4080109,4.6125E-08,-143.7922161,-143.8093816
43.57405305,-208.2447377,-208.2941215,4.625E-08,-1.68E+02,-168.3157519
43.6859203,-159.1670404,-159.2234929,4.6375E-08,-126.5225194,-126.567411
43.79778754,-44.80030108,-44.84070041,4.65E-08,-34.73202496,-34.76407278
43.90965479,89.70299046,89.69534735,4.6625E-08,7.14E+01,71.39626583
44.02152203,187.6049368,187.6332321,4.675E-08,150.0877152,150.1099822
44.13338928,210.47244,210.5246171,4.6875E-08,169.5551864,169.5962901
44.24525652,151.5054361,151.5593482,0.000000047,1.22E+02,121.8449252
44.35712377,33.13170511,33.16523326,4.7125E-08,26.08503383,26.11172366
44.46899101,-99.33536841,-99.33590087,4.725E-08,-79.91359337,-79.91453117
44.58085826,-192.9588918,-192.9942956,4.7375E-08,-1.55E+02,-155.1058783
44.6927255,-210.8214408,-210.8758557,4.75E-08,-169.8791448,-169.9207469
44.80459274,-146.7993978,-146.8471981,4.7625E-08,-117.9750649,-118.013511
44.91645999,-25.12868895,-25.15116618,4.775E-08,-1.97E+01,-19.68281538
45.02832723,107.4731427,107.4815673,4.7875E-08,86.16127348,86.16857685
45.14019448,197.4512359,197.4883199,0.000000048,157.9346732,157.9650886
45.25206172,208.3962037,208.4486099,4.8125E-08,1.68E+02,167.7215135
45.36392897,137.909806,137.9547071,4.825E-08,111.7473207,111.7828983
45.47579621,15.09843772,15.11718663,4.8375E-08,12.27524617,12.29095812
45.58766346,-113.3593136,-113.3727908,4.85E-08,-9.18E+01,-91.81747736
45.6995307,-198.7131249,-198.7521414,4.8625E-08,-160.3246666,-160.3565382
45.81139795,-207.2900196,-207.3402855,4.875E-08,-166.9489903,-166.9896681
45.92326519,-135.1848557,-135.2271948,4.8875E-08,-1.09E+02,-108.8509666
46.03513244,-10.34441061,-10.36164767,0.000000049,-8.096537857,-8.110218831
46.14699968,118.99178,119.0067571,4.9125E-08,95.96843519,95.98046737
46.25886693,202.281281,202.3225824,4.925E-08,1.63E+02,162.5729774
46.37073417,206.0876797,206.1391978,4.9375E-08,165.540778,165.5825036
46.48260142,128.8002749,128.8424248,4.95E-08,90.69363309,90.7242263
46.61766902,-24.70041349,-24.69074518,4.9625E-08,-1.78E+01,-17.78836319
46.75273663,-164.3900201,-164.4191511,4.975E-08,-120.5903928,-120.6119567
46.88780424,-216.480372,-216.5331682,4.9875E-08,-157.9980862,-158.0363726
47.02287185,-151.6061523,-151.653594,0.00000005,-1.09E+02,-109.1440232
47.15793946,-1.739455528,-1.754878253,5.0125E-08,-0.909102244,-0.919685189
47.29300706,149.7879478,149.8142236,5.025E-08,108.2240472,108.2436211
47.42807467,218.1875499,218.2421204,5.0375E-08,1.59E+02,158.9131596
47.56314228,167.9594999,168.0120957,5.05E-08,122.323597,122.3612731
47.69820989,26.45964412,26.4804258,5.0625E-08,18.5978125,18.61238389
47.8332775,-130.7638749,-130.7873279,5.075E-08,-9.50E+01,-94.99257252
47.9683451,-216.4104658,-216.4655708,5.0875E-08,-156.8256168,-156.8656453
48.10341271,-182.8873588,-182.9439627,0.000000051,-133.325631,-133.3664514
48.23848032,-50.24079619,-50.26733202,5.1125E-08,-3.66E+01,-36.6439257
48.37354793,109.6370229,109.6561113,5.125E-08,80.34162021,80.35614019
48.50861554,210.9240366,210.9796124,5.1375E-08,153.3255999,153.3662458
48.64368314,197.0141769,197.0763802,5.15E-08,1.43E+02,142.9301166
48.77875075,74.8466586,74.88062077,5.1625E-08,54.75045475,54.7743274
48.91381836,-87.5132674,-87.52772537,5.175E-08,-63.4575442,-63.46869081
49.04888597,-201.761747,-201.8180024,5.1875E-08,-1.47E+02,-147.1965077
49.18395358,-206.7982002,-206.8652901,0.000000052,-150.6315018,-150.6796343
49.31902118,-99.50125669,-99.54126627,5.2125E-08,-72.31838891,-72.34669722
49.45408879,62.16142232,62.17189569,5.225E-08,4.55E+01,45.47124795
49.5891564,190.427855,190.4837622,5.2375E-08,139.247897,139.2883701
49.72422401,216.3343716,216.4048444,5.25E-08,157.8234218,157.8740612
49.85929162,125.2189886,125.2643603,5.2625E-08,9.06E+01,90.64852052
49.99435922,-35.10222029,-35.10780341,5.275E-08,-25.94115424,-25.94516147
50.12942683,-177.1012971,-177.1546833,5.2875E-08,-128.6038332,-128.6418778
50.26449444,-222.105446,-222.1759522,0.000000053,-1.62E+02,-161.5562828
50.39956205,-145.9106392,-145.9578822,5.3125E-08,-106.2966722,-106.3308572
50.53462966,9.5121017,9.514237866,5.325E-08,7.219873955,7.220581305
50.66969726,160.3503871,160.3990449,5.3375E-08,1.17E+02,117.2599779
50.80476487,224.9398337,225.005718,5.35E-08,164.0529223,164.1000611
50.93983248,167.7554574,167.8010773,5.3625E-08,122.3387399,122.3723704
51.07490009,19.73764601,19.73902286,5.375E-08,1.45E+01,14.51415311
51.2099677,-138.7321404,-138.772771,5.3875E-08,-101.0193752,-101.0472717
51.3450353,-221.7763965,-221.8335662,0.000000054,-161.7184131,-161.7589299
51.48010291,-184.7046859,-184.7450888,5.4125E-08,-1.35E+02,-135.1895899
51.61517052,-48.54397212,-48.54561349,5.425E-08,-35.89793076,-35.90059293
51.75023813,112.9088244,112.943903,5.4375E-08,83.02883727,83.05163483
51.88530574,214.6016467,214.6488832,5.45E-08,1.58E+02,158.1978472
52.02037334,203.4235913,203.4517914,5.4625E-08,149.0254058,149.045578
52.15544095,83.44916486,83.44227285,5.475E-08,59.67579074,59.67419321
52.29050856,-84.07200982,-84.10340502,5.4875E-08,-6.29E+01,-62.87721451
52.42557617,-209.1689452,-209.1967019,0.000000055,-152.7374921,-152.7544685
52.56064378,-221.4029744,-221.4055319,5.5125E-08,-160.4010805,-160.405218
52.69571138,-111.6332157,-111.6137342,5.525E-08,-8.06E+01,-80.61008432
52.83077899,60.16705289,60.18536328,5.5375E-08,43.49185942,43.50008313
52.9658466,198.6169346,198.6139005,5.55E-08,144.2253683,144.2233027
53.10091421,228.2836837,228.2612421,5.5625E-08,1.67E+02,166.880564
53.23598182,135.1676301,135.1472276,5.575E-08,99.46767904,99.45774882
53.37104942,-29.34832564,-29.34574445,5.5875E-08,-21.46936103,-21.46570717
53.50611703,-178.1063522,-178.0786419,0.000000056,-1.31E+02,-130.8277896
53.64118464,-232.3447195,-232.3098348,5.6125E-08,-169.9320561,-169.9093919
53.77625225,-161.7577601,-161.7401419,5.625E-08,-117.4588247,-117.4483509
53.91131986,-2.572929927,-2.58686697,5.6375E-08,-1.23E+00,-1.237762779
54.04638746,159.3049659,159.2646163,5.65E-08,116.1236168,116.0946075
54.18145507,234.8201636,234.776082,5.6625E-08,170.7465825,170.7164373
54.31652268,182.1881991,182.1682584,5.675E-08,1.33E+02,132.7169288
54.45159029,30.63796738,30.65777553,5.6875E-08,22.63376886,22.64907688
54.5866579,-136.9206614,-136.8701046,0.000000057,-99.87856613,-99.84316626
54.7217255,-230.3950996,-230.344108,5.7125E-08,-1.69E+02,-168.5369928
54.85679311,-200.2234294,-200.2038809,5.725E-08,-146.3847883,-146.3709724
54.99186072,-62.37447699,-62.39783678,5.7375E-08,-45.27430786,-45.28976299
55.12692833,109.6748137,109.6243549,5.75E-08,8.03E+01,80.24176559
55.26199594,222.9289111,222.881368,5.7625E-08,162.4754666,162.4399217
55.39706354,215.2761196,215.2554885,5.775E-08,156.6665257,156.6493209
55.53213115,90.40414029,90.41727377,5.7875E-08,6.56E+01,65.64640604
55.66719876,-84.00119403,-83.96267647,0.000000058,-61.61654477,-61.58641357
55.80226637,-213.6372298,-213.5901009,5.8125E-08,-156.2449055,-156.2078153
55.93733397,-228.488617,-228.4529541,5.825E-08,-1.67E+02,-166.5991809
56.07240158,-119.6142822,-119.6082609,5.8375E-08,-86.31191735,-86.30959973
56.20746919,55.86478231,55.83375464,5.85E-08,41.82394191,41.79877193
56.3425368,203.262166,203.2058048,5.8625E-08,1.48E+02,147.8697381
56.47760441,239.9586506,239.9057215,5.875E-08,172.9630143,172.9254194
56.61267201,142.6638627,142.6450339,5.8875E-08,102.1377478,102.1256044
56.74773962,-35.68315508,-35.65451271,0.000000059,-2.58E+01,-25.79525812
56.88280723,-194.2981394,-194.2355502,5.9125E-08,-139.6436177,-139.5977797
57.01787484,-243.6040803,-243.5410467,5.925E-08,-175.8691623,-175.8234312
57.15294245,-157.4401852,-157.4113122,5.9375E-08,-1.15E+02,-114.7605232
57.28801005,14.04169998,14.02000033,5.95E-08,9.024971342,9.00864811
57.42307766,175.4901279,175.4286084,5.9625E-08,126.8257442,126.7802562
57.55814527,239.6097884,239.540512,5.975E-08,1.74E+02,174.0388184
57.69321288,172.6897044,172.6490285,5.9875E-08,125.4589115,125.4291732
57.82828049,11.3080346,11.31783432,0.00000006,8.053733645,8.061563582
57.96334809,-156.5822371,-156.5259013,6.0125E-08,-1.13E+02,-113.4456026
58.0984157,-238.283733,-238.2090395,6.025E-08,-172.3006622,-172.2452665
58.23348331,-188.0190874,-187.9646317,6.0375E-08,-136.0983948,-136.0585594
58.36855092,-33.91305669,-33.90807927,6.05E-08,-2.52E+01,-25.17751908
58.50361853,137.6580469,137.6095935,6.0625E-08,98.86702122,98.83072261
58.63868613,231.6470991,231.5695245,6.075E-08,167.6383228,167.5808179
58.77375374,197.6185987,197.5520423,6.0875E-08,1.44E+02,143.8051041
58.90882135,56.0613375,56.04068374,0.000000061,41.43490664,41.42002046
59.04388896,-114.7487855,-114.7120014,6.1125E-08,-82.86007286,-82.83210913
59.17895657,-221.7814832,-221.704902,6.125E-08,-1.61E+02,-160.8211509
59.31402417,-207.008581,-206.9303004,6.1375E-08,-150.2245143,-150.1663034
59.44909178,-78.66754542,-78.6277048,6.15E-08,-57.15187904,-57.12316464
59.58415939,92.70482289,92.68397114,6.1625E-08,6.70E+01,67.00666755
59.719227,212.7145583,212.6410399,6.175E-08,154.0826406,154.027263
59.85429461,215.4604584,215.3705549,6.1875E-08,156.3432374,156.2770054
59.98936221,99.97191658,99.91297082,0.000000062,7.28E+01,72.76884216
60.12442982,-69.8382294,-69.83287059,6.2125E-08,-50.39106904,-50.38579063
60.25949743,-200.7540547,-200.6845521,6.225E-08,-145.451631,-145.3998371
60.39456504,-221.0650326,-220.9668036,6.2375E-08,-1.60E+02,-160.0111856
60.52963265,-119.4124584,-119.3378192,6.25E-08,-86.22021848,-86.16596551
60.66470025,48.62459563,48.63487258,6.2625E-08,35.41699412,35.42383763
60.79976786,190.2464466,190.1854945,6.275E-08,1.38E+02,137.53162
60.93483547,226.5295769,226.4283674,6.2875E-08,163.6234793,163.5487137
61.06990308,137.0005119,136.911933,0.000000063,99.09930039,99.03447877
61.20497069,-28.33097612,-28.35940985,6.3125E-08,-2.01E+01,-20.09370205
61.34003829,-177.1479439,-177.0993371,6.325E-08,-127.5907623,-127.5541424
61.4751059,-226.8505485,-226.7488749,6.3375E-08,-163.7778661,-163.7029921
61.61017351,-150.4077884,-150.3066471,6.35E-08,-1.09E+02,-108.7151142
61.74524112,9.272955189,9.318646446,6.3625E-08,6.532389818,6.56516587
61.88030873,163.472568,163.4369789,6.375E-08,117.9698372,117.9433046
62.01537633,226.6667193,226.5679627,6.3875E-08,1.69E+02,168.5127407
62.13806587,173.699411,173.5885025,0.000000064,132.8390924,132.7532716
62.26075541,39.01146561,38.93858043,6.4125E-08,30.22603511,30.16976771
62.38344494,-113.2473408,-113.2489671,6.425E-08,-8.47E+01,-84.73364523
62.5,-208.4738968,-208.4058709,6.4375E-08,-165.1765667,-165.1355867
62.5357467,-217.1057926,-217.0222063,6.45E-08,-211.7469701,-211.6653992
62.5714934,-215.0200434,-214.9249275,6.4625E-08,-2.03E+02,-203.1445749
62.64298679,-189.3763866,-189.2669436,6.475E-08,-174.6495103,-174.5490989
62.71448019,-134.2789773,-134.1732703,6.4875E-08,-95.88014883,-95.79400561
62.83530962,-2.383911093,-2.321067633,0.000000065,7.27E-01,0.775682016
62.95613904,135.7326271,135.7246343,6.5125E-08,105.5292209,105.5227475
63.07696847,213.4423529,213.3665626,6.525E-08,160.9927018,160.9333546
63.19779789,186.2527766,186.1420749,6.5375E-08,1.44E+02,144.257631
63.31862732,75.24593335,75.14869935,6.55E-08,62.00124894,61.92543553
63.43945674,-62.25027868,-62.29120379,6.5625E-08,-49.73095171,-49.76269261
63.56028617,-174.7078368,-174.6740846,6.575E-08,-1.38E+02,-137.8909417
63.68111559,-213.5847154,-213.4906795,6.5875E-08,-162.2234455,-162.1500011
63.80194502,-149.7390541,-149.6259177,0.000000066,-113.3769969,-113.2887972
63.92277444,-13.16927845,-13.08691483,6.6125E-08,-1.28E+01,-12.70967506
64.04360387,124.1915411,124.2065675,6.625E-08,94.67103893,94.68262429
64.16443329,202.5113563,202.4521634,6.6375E-08,158.0300934,157.9839318
64.28526272,191.8686456,191.7612962,6.65E-08,1.48E+02,147.8663357
64.40609214,93.38852667,93.28050805,6.6625E-08,71.14401454,71.05987456
64.52692157,-49.58061653,-49.64154703,6.675E-08,-37.41589198,-37.46342029
64.64775099,-168.2203106,-168.2073486,6.6875E-08,-1.30E+02,-129.8602946
64.76858042,-210.1600224,-210.0790423,0.000000067,-163.3604782,-163.2974799
64.88940984,-158.5006458,-158.3876112,6.7125E-08,-121.4296195,-121.3416086
65.01023927,-32.69921664,-32.60417498,6.725E-08,-2.41E+01,-24.02364651
65.13106869,110.3051596,110.3403181,6.7375E-08,83.60486519,83.63242789
65.25189812,199.908947,199.8690308,6.75E-08,153.161856,153.130969
65.37272754,196.0185524,195.9216198,6.7625E-08,1.53E+02,152.5913085
65.49355697,105.4243197,105.3135863,6.775E-08,81.94157182,81.8554111
65.61438639,-32.13540879,-32.2107976,6.7875E-08,-26.01336235,-26.07221039
65.73521582,-157.4510444,-157.4580071,0.000000068,-1.22E+02,-121.7094832
65.85604524,-211.271984,-211.2081688,6.8125E-08,-162.2821597,-162.2329157
65.97687467,-167.1132749,-167.0078244,6.825E-08,-129.1143954,-129.0325367
66.09770409,-46.95680688,-46.8569045,6.8375E-08,-3.66E+01,-36.53460194
66.21853352,93.8882129,93.93862056,6.85E-08,72.47288933,72.51265303
66.33936295,191.9025855,191.8822106,6.8625E-08,147.5999222,147.5846562
66.46019237,201.3116315,201.2306918,6.875E-08,1.55E+02,154.9705975
66.5810218,118.1639625,118.0589845,6.8875E-08,92.00493228,91.92314376
66.70185122,-17.30176699,-17.38440427,0.000000069,-12.98710685,-13.05181095
66.82268065,-144.1381762,-144.1626064,6.9125E-08,-1.12E+02,-112.2345035
66.94351007,-207.1282709,-207.0846027,6.925E-08,-160.3057571,-160.2721528
67.0643395,-176.4733379,-176.3816993,6.9375E-08,-135.5186828,-135.4475247
67.18516892,-63.9090946,-63.81044667,6.95E-08,-4.92E+01,-49.13050744
67.30599835,78.05852053,78.1206844,6.9625E-08,59.52985551,59.5786244
67.42682777,182.9688056,182.9676955,6.975E-08,140.8958468,140.8954767
67.5476572,203.7331732,203.670269,6.9875E-08,1.57E+02,157.3366548
67.66848662,131.8016062,131.7056142,0.00000007,101.8234555,101.7489083
67.78931605,-0.086262092,-0.172452463,7.0125E-08,0.073640038,0.006408452
67.91014547,-131.6543261,-131.6927973,7.025E-08,-1.02E+02,-101.6733439
68.0309749,-203.1997673,-203.1742354,7.0375E-08,-157.2196755,-157.2002824
68.15180432,-182.7850248,-182.7077676,7.05E-08,-141.0978699,-141.038123
68.27263375,-78.9959726,-78.90201071,7.0625E-08,-6.05E+01,-60.43522231
68.39346317,61.76850223,61.83732295,7.075E-08,47.50263727,47.55647703
68.5142926,174.0012471,174.0149648,7.0875E-08,133.4150026,133.4261626
68.63512202,205.061503,205.0150022,0.000000071,1.58E+02,158.0108391
68.75595145,142.0913279,142.0067134,7.1125E-08,110.4253233,110.360573
68.87678087,15.78914364,15.70614393,7.125E-08,12.78096192,12.71540058
68.9976103,-116.5294041,-116.5759122,7.1375E-08,-9.01E+01,-90.15564184
69.11843972,-196.0261627,-196.0174276,7.15E-08,-151.7903127,-151.7826474
69.23926915,-187.0512212,-186.9893827,7.1625E-08,-144.5700029,-144.5232832
69.36009857,-93.11384319,-93.02913872,7.175E-08,-7.15E+01,-71.46761225
69.480928,43.98532851,44.05415815,7.1875E-08,34.39659119,34.45112307
69.60175742,161.9070256,161.9313849,0.000000072,124.7226245,124.7422326
69.72258685,205.4599205,205.4303071,7.2125E-08,1.58E+02,157.7591146
69.84341627,153.6564063,153.5868443,7.225E-08,118.4163776,118.3622418
69.9642457,31.37283471,31.2941764,7.2375E-08,25.00575149,24.94493185
70.08507512,-103.6449033,-103.6969806,7.25E-08,-7.93E+01,-79.32163349
70.20590455,-189.9338526,-189.9374434,7.2625E-08,-146.674454,-146.6777859
70.32673397,-189.7040046,-189.6585912,7.275E-08,-146.8008133,-146.765742
70.4475634,-103.6677739,-103.5940406,7.2875E-08,-8.01E+01,-80.06659939
70.56839282,29.45598891,29.52539242,0.000000073,22.74769761,22.80194846
70.68922225,149.1631692,149.1979376,7.3125E-08,114.9118426,114.9390363
70.81005167,200.3676962,200.3526802,7.325E-08,1.54E+02,154.3626564
70.9308811,159.5845243,159.5273752,7.3375E-08,123.5299794,123.4856276
71.05171052,46.6922625,46.61857498,7.35E-08,37.27961006,37.22240627
71.17253995,-85.02530422,-85.08256264,7.3625E-08,-6.46E+01,-64.68130656
71.29336937,-175.9656505,-175.9811881,7.375E-08,-136.6236711,-136.6358634
71.4141988,-188.2220381,-188.1891642,7.3875E-08,-147.5042768,-147.4789799
71.53502822,-119.0429031,-118.9767718,0.000000074,-9.31E+01,-93.00114186
71.65585765,2.117504428,2.186880519,7.4125E-08,3.203575624,3.257563817
71.77668707,125.4500544,125.4918994,7.425E-08,99.7928445,99.82552806
71.8975165,197.4681846,197.4641756,7.4375E-08,1.54E+02,153.8290276
72.01834592,182.2135438,182.1661558,7.45E-08,139.2543542,139.2177675
72.13917535,81.04052387,80.97135944,7.4625E-08,60.10823074,60.05476259
72.26000477,-61.99708233,-62.05663059,7.475E-08,-4.87E+01,-48.71227043
72.3808342,-178.372815,-178.3959003,7.4875E-08,-136.4371388,-136.4553792
72.5,-210.8771954,-210.8541278,0.000000075,-183.041013,-183.0331461
72.54985843,-187.709211,-187.6703919,7.5125E-08,-1.80E+02,-180.0995694
72.59971686,-149.3952117,-149.345011,7.525E-08,-120.0616715,-120.010766
72.69943372,-52.41413203,-52.35114012,7.5375E-08,-48.83648823,-48.78377411
72.79915057,51.72223519,51.77746275,7.55E-08,5.55E+01,55.57703827
72.93676767,163.4871015,163.5052167,7.5625E-08,121.846601,121.8598516
73.07438477,191.9709667,191.9422405,7.575E-08,132.8366952,132.8166924
73.21200187,102.1862888,102.1281682,7.5875E-08,7.21E+01,72.06831768
73.34961897,-47.75237791,-47.8056051,0.000000076,-28.21546845,-28.25332501
73.48723607,-158.6172257,-158.6348182,7.6125E-08,-117.0387402,-117.0515522
73.62485317,-186.3251025,-186.2974993,7.625E-08,-1.38E+02,-138.0010545
73.76247027,-117.4232145,-117.3672909,7.6375E-08,-77.75639716,-77.71704349
73.90008737,30.81230816,30.86341236,7.65E-08,23.85633778,23.89266504
74.03770447,165.1358901,165.1526209,7.6625E-08,1.12E+02,112.1059487
74.17532157,193.3746582,193.3484851,7.675E-08,139.6012446,139.5835191
74.31293867,114.0665992,114.0144172,7.6875E-08,85.70550243,85.66902433
74.45055577,-21.96365336,-22.01043644,0.000000077,-1.80E+01,-18.05523057
74.58817287,-150.1104154,-150.1248784,7.7125E-08,-108.5687975,-108.5799366
74.72578997,-195.1739417,-195.1494368,7.725E-08,-138.3636632,-138.3473212
74.86340707,-126.616911,-126.5697641,7.7375E-08,-9.22E+01,-92.20934321
75.00102417,10.68911614,10.73075033,7.75E-08,7.763787649,7.793987013
75.13864127,142.1444863,142.1577381,7.7625E-08,104.0113703,104.0221122
75.27625837,197.3336245,197.3134741,7.775E-08,1.40E+02,139.6449721
75.41387547,137.1714362,137.1322061,7.7875E-08,97.42275658,97.39545943
75.55149257,-2.488111381,-2.522555274,0.000000078,1.445333163,1.420151472
75.68910967,-134.2807698,-134.2919032,7.8125E-08,-9.69E+01,-96.91933003
75.82672677,-191.3311053,-191.3161048,7.825E-08,-141.0453822,-141.0367283
75.96434387,-147.8099945,-147.7815535,7.8375E-08,-105.1408737,-105.1214699
76.10196097,-18.95064221,-18.92683493,7.85E-08,-1.11E+01,-11.11555468
76.23957807,125.5421346,125.5504441,7.8625E-08,89.29778719,89.30704262
76.37719517,197.5462166,197.5409202,7.875E-08,141.1415384,141.140875
76.51481227,156.7409421,156.7313058,7.8875E-08,1.13E+02,112.7800411
76.65242937,28.0267312,28.01916196,0.000000079,19.36277139,19.35447714
76.79004647,-118.0153993,-118.0223515,7.9125E-08,-84.69919632,-84.70855636
76.92766357,-197.4251238,-197.4362747,7.925E-08,-1.41E+02,-141.415217
77.06528067,-164.7934012,-164.8080824,7.9375E-08,-119.6293922,-119.6392074
77.20289777,-41.83366049,-41.84214004,7.95E-08,-29.9996824,-30.00197595
77.34051487,104.7940364,104.8041305,7.9625E-08,7.73E+01,77.27522948
77.47813197,196.3607346,196.392599,7.975E-08,140.6027038,140.6280479
77.61574907,176.4113712,176.4519654,7.9875E-08,124.6656705,124.6938798
77.75336617,52.97060648,52.99516067,0.00000008,3.84E+01,38.37584981
77.89098327,-99.68714006,-99.70026574,8.0125E-08,-70.54908838,-70.56312938
78.02860037,-194.0687832,-194.1214194,8.025E-08,-139.8627138,-139.9029501
78.16621747,-180.0382876,-180.1056345,8.0375E-08,-1.30E+02,-129.8061644
78.30383457,-65.44969732,-65.49090938,8.05E-08,-46.96533532,-46.99046155
78.44145167,86.10761693,86.12471143,8.0625E-08,61.72087414,61.73769734
78.57906877,188.8914456,188.9663041,8.075E-08,1.36E+02,135.9989236
78.71668587,185.7793762,185.8731358,8.0875E-08,133.560177,133.6255208
78.85430297,78.2289085,78.28473765,0.000000081,55.61474447,55.65089867
78.99192007,-74.54988728,-74.57133845,8.1125E-08,-5.33E+01,-53.35689265
79.12953717,-184.9053131,-184.9985229,8.125E-08,-132.1641827,-132.2320766
79.26715427,-189.7784782,-189.8928147,8.1375E-08,-137.21382,-137.294456
79.40477137,-89.52232701,-89.59038897,8.15E-08,-6.54E+01,-65.41644407
79.54238847,59.03761752,59.05992654,8.1625E-08,43.35407448,43.37285012
79.68000557,176.230476,176.3360892,8.175E-08,127.8762054,127.9533419
79.81762267,196.7147932,196.8467573,8.1875E-08,1.41E+02,141.0087881
79.95523977,105.5992347,105.6814869,0.000000082,74.74886895,74.80544707
80.09285687,-47.21705529,-47.23586311,8.2125E-08,-34.29420264,-34.31033597
80.23047397,-174.18764,-174.3021589,8.225E-08,-1.25E+02,-124.6415002
80.36809107,-201.899232,-202.0471373,8.2375E-08,-144.2963061,-144.4015109
80.50570817,-114.4049722,-114.500863,8.25E-08,-82.44182994,-82.50835752
80.64332526,37.01557208,37.0304223,8.2625E-08,2.58E+01,25.83999808
80.78094236,166.0594501,166.1808592,8.275E-08,119.7801789,119.8680074
80.91855946,202.5447856,202.7055925,8.2875E-08,146.7114438,146.8259884
81.05617656,127.3634375,127.4711176,0.000000083,9.14E+01,91.47549695
81.19379366,-19.74512462,-19.75459858,8.3125E-08,-15.18839601,-15.19647203
81.33141076,-157.7402296,-157.8640617,8.325E-08,-113.611213,-113.7003686
81.46902786,-207.4773014,-207.6461387,8.3375E-08,-1.49E+02,-149.0386422
81.60664496,-140.0960391,-140.2132227,8.35E-08,-100.8126752,-100.8957139
81.74426206,5.851951067,5.85471093,8.3625E-08,4.628912276,4.631715138
81.88187916,149.3538637,149.4766529,8.375E-08,1.09E+02,109.2358174
82.01949626,212.4430157,212.616924,8.3875E-08,154.4498399,154.5742815
82.15711336,159.545816,159.6719101,0.000000084,113.5937311,113.6836339
82.29473046,14.74444649,14.7503438,8.4125E-08,6.44E+00,6.439577474
82.43234756,-146.6743999,-146.7927552,8.425E-08,-108.1570302,-108.2418558
82.56996466,-231.0585069,-231.2340553,8.4375E-08,-163.0578477,-163.1834115
82.70758176,-179.4412956,-179.5740679,8.45E-08,-1.23E+02,-123.0154251
82.84519886,-14.78232761,-14.79679496,8.4625E-08,-8.684209457,-8.694753748
82.98281596,162.0728767,162.1845604,8.475E-08,112.26727,112.3469879
83.12043306,239.3168675,239.4907708,8.4875E-08,1.67E+02,167.273344
83.25805016,172.2246252,172.3621276,0.000000085,123.7817847,123.8807947
83.39566726,8.246701918,8.270818682,8.5125E-08,9.660906457,9.678880716
83.53328436,-152.9028123,-153.0043662,8.525E-08,-1.08E+02,-107.6637031
83.67090146,-223.4292734,-223.5982249,8.5375E-08,-161.6466327,-161.7680081
83.80851856,-170.3904532,-170.53165,8.55E-08,-123.7577284,-123.8597172
83.94613566,-24.08618345,-24.12120946,8.5625E-08,-1.63E+01,-16.3663215
84.08375276,137.7096555,137.799007,8.575E-08,100.1181501,100.1818079
84.22136986,224.3224837,224.4848253,8.5875E-08,159.8231146,159.9397573
84.35898696,181.9365736,182.0805075,0.000000086,1.28E+02,128.3640682
84.49660406,32.19756941,32.24331123,8.6125E-08,22.9667146,23.00056011
84.63422116,-136.0031444,-136.0793873,8.625E-08,-95.26749571,-95.32150995
84.77183826,-222.7325608,-222.8863311,8.6375E-08,-1.58E+02,-158.036505
84.90945536,-179.8488919,-179.9936226,8.65E-08,-129.5168171,-129.621686
85.04707246,-36.30107339,-36.35704082,8.6625E-08,-27.62711785,-27.66857485
85.18468956,124.5946562,124.656473,8.675E-08,8.88E+01,88.8435819
85.32230666,213.9010261,214.0442046,8.6875E-08,153.8292189,153.9322424
85.45992376,183.0637816,183.2080119,0.000000087,131.3291068,131.4337533
85.59754086,48.75718744,48.8233019,8.7125E-08,3.46E+01,34.63818168
85.73515796,-113.8849489,-113.9316485,8.725E-08,-81.41979298,-81.45257991
85.87277506,-211.5967734,-211.7284617,8.7375E-08,-150.9505472,-151.0453289
86.01039216,-188.0161455,-188.1590092,8.75E-08,-1.35E+02,-134.7502205
86.14800926,-57.69636683,-57.77197927,8.7625E-08,-41.97199957,-42.02759925
86.28562636,104.0721464,104.1038107,8.775E-08,74.29245578,74.31439475
86.42324346,206.2812784,206.4007688,8.7875E-08,1.48E+02,148.3102728
86.56086056,192.3764498,192.5167349,0.000000088,137.8779246,137.979705
86.69847766,69.47457071,69.55864113,8.8125E-08,48.69897063,48.76064395
86.83609476,-94.9785085,-94.99544703,8.825E-08,-6.91E+01,-69.12328004
86.97371186,-207.6984054,-207.8052012,8.8375E-08,-148.2358803,-148.3127351
87.11132896,-201.493252,-201.6300232,8.85E-08,-142.5550735,-142.6543184
87.24894606,-77.41174166,-77.50343555,8.8625E-08,-5.45E+01,-54.60308851
87.38656316,92.42132034,92.42384623,8.875E-08,65.24904575,65.25009867
87.52418026,207.9098332,208.0036329,8.8875E-08,147.3125736,147.3801323
87.66179736,202.2038269,202.3364184,0.000000089,1.44E+02,144.1742944
87.79941446,80.2463019,80.344956,8.9125E-08,57.64799794,57.72001438
87.93703156,-86.90783103,-86.89638962,8.925E-08,-61.87448822,-61.86565548
88.07464866,-203.9952783,-204.076267,8.9375E-08,-1.46E+02,-145.7480472
88.21226576,-204.4714345,-204.5997048,8.95E-08,-145.7566678,-145.849667
88.34988286,-87.51805725,-87.62306698,8.9625E-08,-62.17468553,-62.25102418
88.48749996,80.12206347,80.09765642,8.975E-08,5.68E+01,56.80254391
88.62511706,201.1590792,201.2281548,8.9875E-08,142.5827574,142.6325963
88.76273416,205.0434514,205.1675363,0.00000009,145.8358058,145.9256185
88.90035126,90.5125324,90.62308215,9.0125E-08,6.52E+01,65.28131481
89.03796836,-74.64107301,-74.60490666,9.025E-08,-52.4001411,-52.37381283
89.17558546,-195.3128146,-195.3707078,9.0375E-08,-139.3720387,-139.4138007
89.31320255,-204.1030045,-204.2226947,9.05E-08,-1.46E+02,-146.4524325
89.45081965,-97.41902134,-97.53415711,9.0625E-08,-69.94010382,-70.02333632
89.58843675,64.22279683,64.17602205,9.075E-08,46.07140775,46.03760628
89.72605385,189.5618368,189.6093697,9.0875E-08,1.36E+02,135.5557862
89.86367095,206.8201501,206.9355503,0.000000091,147.3212633,147.404491
90.00128805,105.0806897,105.1996122,9.1125E-08,74.60674972,74.69241943
90.13890515,-57.60665064,-57.55071146,9.125E-08,-4.10E+01,-40.95488141
90.27652225,-187.0709474,-187.1093751,9.1375E-08,-133.0492167,-133.0768507
90.41413935,-208.4917828,-208.6029899,9.15E-08,-148.6107109,-148.6906122
90.55175645,-110.1504743,-110.2718493,9.1625E-08,-7.88E+01,-78.8993357
90.68937355,50.86748573,50.80431847,9.175E-08,36.14019065,36.09475395
90.82699065,182.4308557,182.4613572,9.1875E-08,130.2476865,130.2694302
90.96460775,209.6278874,209.734542,0.000000092,1.50E+02,149.6542155
91.10222485,116.7247371,116.8470738,9.2125E-08,83.05456199,83.14235912
91.23984195,-43.51876338,-43.44982373,9.225E-08,-31.15698789,-31.10734739
91.37745905,-179.0387128,-179.0617685,9.2375E-08,-1.27E+02,-127.3904521
91.51507615,-211.2295817,-211.3310805,9.25E-08,-150.1199206,-150.1925267
91.65269325,-121.2011283,-121.3232849,9.2625E-08,-86.24982911,-86.33741297
91.79031035,38.72992347,38.65625454,9.275E-08,2.73E+01,27.27511505
91.92792745,175.8573593,175.873515,9.2875E-08,125.0300817,125.0413549
92.06554455,211.3302399,211.4264552,0.000000093,150.5999242,150.668594
92.20316165,125.342489,125.463673,9.3125E-08,8.95E+01,89.63444635
92.34077875,-32.23481615,-32.15756253,9.325E-08,-22.70100741,-22.64547815
92.47839585,-170.7445039,-170.7546293,9.3375E-08,-121.4084617,-121.4153108
92.61601295,-210.5821073,-210.6730591,9.35E-08,-1.50E+02,-149.9133895
92.75363005,-128.9527859,-129.0721498,9.3625E-08,-91.89892396,-91.98427518
92.89124715,26.78425939,26.70450871,9.375E-08,18.80882696,18.75147659
93.02886425,166.5704398,166.575103,9.3875E-08,1.18E+02,118.4437401
93.16648135,210.0975035,210.1829714,0.000000094,149.8447033,149.905473
93.30409845,133.1189667,133.235843,9.4125E-08,95.33647937,95.42003995
93.44171555,-19.42454475,-19.3428915,9.425E-08,-1.35E+01,-13.39204587
93.57933265,-160.0204661,-160.0199347,9.4375E-08,-114.0069768,-114.0061309
93.71694975,-208.5894089,-208.6693702,9.45E-08,-148.8052577,-148.8620651
93.85456685,-137.5900494,-137.7041955,9.4625E-08,-9.81E+01,-98.15908146
93.99218395,12.43431256,12.35120729,9.475E-08,8.988596727,8.928924475
94.12980105,155.5672429,155.5620445,9.4875E-08,110.9274839,110.923291
94.26741815,209.4206552,209.4953748,0.000000095,1.49E+02,149.2237196
94.40503525,142.77425,142.8853947,9.5125E-08,101.7248208,101.804136
94.54265235,-5.971013577,-5.88710286,9.525E-08,4.655913912,4.722357758
94.65843656,-133.4624222,-133.4406792,9.5375E-08,-1.05E+02,-105.1894724
94.77422078,-204.443061,-204.4918419,9.55E-08,-160.5048389,-160.5429216
94.890005,-187.5472557,-187.6451641,9.5625E-08,-150.6144457,-150.6918539
95,-96.78583046,-96.89186583,9.575E-08,-1.13E+02,-113.1879362
95.04985843,-38.63873634,-38.73070834,9.5875E-08,-39.24153833,-39.3304
95.09971686,18.3027538,18.23106582,0.000000096,39.47944396,39.42190643
95.19943372,117.5976243,117.5745212,9.6125E-08,9.96E+01,99.59063266
95.29915057,180.9181046,180.9501995,9.625E-08,144.0104275,144.0430952
95.44543274,170.4232307,170.5116692,9.6375E-08,113.5960899,113.6563331
95.5917149,46.27407524,46.36246668,9.65E-08,3.21E+01,32.13589848
95.73799707,-106.2726421,-106.2398722,9.6625E-08,-69.96356309,-69.94066057
95.88427924,-186.2012014,-186.2437878,9.675E-08,-128.5288055,-128.5573971
96.0305614,-150.784969,-150.8749219,9.6875E-08,-1.04E+02,-103.7266428
96.17684357,-21.12943489,-21.20949768,0.000000097,-12.26950086,-12.32450225
96.32312573,126.2459673,126.2259174,9.7125E-08,85.32778047,85.31351403
96.4694079,191.7849958,191.8365257,9.725E-08,1.29E+02,128.7727313
96.61569006,131.2300212,131.3195452,9.7375E-08,90.54649724,90.60755654
96.76197223,-10.69200134,-10.62141265,9.75E-08,-6.307580246,-6.258955206
96.90825439,-143.8451817,-143.8374556,9.7625E-08,-9.87E+01,-98.66391396
97.05453656,-186.6476185,-186.7064153,9.775E-08,-127.242878,-127.2825992
97.20081872,-110.6405744,-110.7277428,9.7875E-08,-75.56583262,-75.62536213
97.34710089,35.51595329,35.45569102,0.000000098,2.39E+01,23.89928751
97.49338306,158.5222867,158.5263178,9.8125E-08,108.6169899,108.6191383
97.63966522,181.7180266,181.7825855,9.825E-08,123.3971677,123.4407962
97.78594739,88.27204865,88.35527467,9.8375E-08,5.92E+01,59.25781343
97.93222955,-63.31604205,-63.26695868,9.85E-08,-42.23369046,-42.19975191
98.07851172,-172.7394296,-172.7547785,9.8625E-08,-117.1492731,-117.1591052
98.22479388,-170.9825041,-171.0512517,9.875E-08,-1.18E+02,-117.8365699
98.37107605,-62.84079837,-62.91836136,9.8875E-08,-42.98293631,-43.03587275
98.51735821,85.01663153,84.97950617,0.000000099,58.90886565,58.88302775
98.66364038,180.6585297,180.6844169,9.9125E-08,1.23E+02,122.7664656
98.80992254,160.4823426,160.5534249,9.925E-08,108.5776761,108.6257151
98.95620471,36.49682252,36.56701343,9.9375E-08,24.93603267,24.98394505
99.10248687,-110.6102772,-110.5855348,9.95E-08,-7.52E+01,-75.20959551
99.24876904,-186.9507982,-186.9862044,9.9625E-08,-127.2950686,-127.3185266
99.39505121,-143.97986,-144.0515183,9.975E-08,-98.13403927,-98.18244014
99.54133337,-9.317280339,-9.378675844,9.9875E-08,-6.75E+00,-6.794909328
99.68761554,130.4738306,130.4616996,0.0000001,89.0293323,89.02056149
99.8338977,187.3759449,187.4197988,1.00125E-07,128.0747715,128.1039762
99.98017987,125.6757124,125.7462527,1.0025E-07,8.50E+01,85.01300682
100.126462,-17.4451694,-17.39378518,1.00375E-07,-12.51694484,-12.48188182
100.2727442,-150.709602,-150.7100163,1.005E-07,-101.9658329,-101.9656039
100.4190264,-186.4864963,-186.5374226,1.00625E-07,-1.26E+02,-126.5062921
100.5653085,-102.2349223,-102.3025678,1.0075E-07,-70.0810513,-70.12671059
100.7115907,46.32439374,46.28400139,1.00875E-07,31.28140625,31.25383169
100.8578729,164.7977348,164.8102312,0.000000101,1.12E+02,112.4208568
101.004155,178.5013071,178.5577122,1.01125E-07,121.5870446,121.6248286
101.1504372,78.3763544,78.43942605,1.0125E-07,53.28412516,53.32668055
101.2967194,-71.93305679,-71.90435105,1.01375E-07,-4.90E+01,-48.9634402
101.4430015,-176.3424563,-176.3663064,1.015E-07,-119.8407082,-119.8564778
101.5892837,-167.7483597,-167.8086046,1.01625E-07,-113.9383928,-113.9788235
101.7355659,-51.53432925,-51.59134053,1.0175E-07,-3.54E+01,-35.4807793
101.881848,96.86370924,96.84704601,1.01875E-07,65.42217932,65.41077042
102.0281302,182.3786879,182.4128814,0.000000102,124.7176654,124.74051
102.1744123,152.5716216,152.633974,1.02125E-07,1.05E+02,104.8104892
102.3206945,27.15847665,27.20809698,1.0225E-07,18.13841254,18.17186795
102.4669767,-116.2947965,-116.2902381,1.02375E-07,-80.06496129,-80.06178344
102.6132588,-187.2883992,-187.3316639,1.025E-07,-1.27E+02,-127.3617495
102.759541,-138.3706349,-138.4332609,1.02625E-07,-93.30308293,-93.34521296
102.9058232,0.682233359,0.641237956,1.0275E-07,0.71813804,0.690513468
103.0521053,139.806911,139.8142878,1.02875E-07,9.46E+01,94.60488013
103.1983875,188.517692,188.5685223,0.000000103,128.0683743,128.1025668
103.3446697,116.3298376,116.3908457,1.03125E-07,79.9213752,79.96246007
103.4909518,-28.67494158,-28.64360218,1.0325E-07,-1.89E+01,-18.83275457
103.637234,-154.037587,-154.0563548,1.03375E-07,-105.4234402,-105.4360853
103.7835162,-182.1719387,-182.2285685,1.035E-07,-124.9695364,-125.0077189
103.9297983,-95.90148574,-95.95908292,1.03625E-07,-6.53E+01,-65.30525302
104.0760805,51.63909727,51.61806245,1.0375E-07,35.93842031,35.92426564
104.2223627,167.7783264,167.8076142,1.03875E-07,115.1037641,115.1235663
104.3686448,178.5684309,178.6290701,0.000000104,1.22E+02,122.5261781
104.514927,77.19216932,77.24474201,1.04125E-07,63.62625484,63.66541723
104.6377303,-51.31592126,-51.29823566,1.0425E-07,-40.65243245,-40.63905938
104.7605336,-158.4970342,-158.5228608,1.04375E-07,-1.23E+02,-122.7698516
104.8833369,-194.1844828,-194.2414676,1.045E-07,-151.9623343,-152.0058877
105,-145.4276344,-145.4889147,1.04625E-07,-146.036936,-146.0915525
105.0498584,-97.88938926,-97.94163748,1.0475E-07,-9.50E+01,-95.01676542
105.0997169,-44.50507047,-44.54461617,1.04875E-07,-18.37533002,-18.40627421
105.1994337,61.13872922,61.12908906,0.000000105,54.42620181,54.41807262
105.2991506,153.3574741,153.3807614,1.05125E-07,1.28E+02,128.0359688
105.4536543,194.8871964,194.9428485,1.0525E-07,120.7671342,120.8030768
105.6081581,88.17679422,88.22539221,1.05375E-07,55.01314241,55.04446497
105.7626618,-84.86091161,-84.85391858,1.055E-07,-3.37E+01,-33.69290253
105.8399137,-155.5920153,-155.6111973,1.05625E-07,-139.4969364,-139.5141838
105.9171656,-194.1329612,-194.1744491,1.0575E-07,-164.5192252,-164.5578631
106.0402812,-173.4464351,-173.5045289,1.05875E-07,-1.32E+02,-131.745905
106.1633969,-69.27053037,-69.31736088,0.000000106,-53.94801364,-53.98360751
106.2865126,65.55040777,65.53731391,1.06125E-07,49.15320822,49.14330529
106.4096283,167.5769468,167.6039715,1.0625E-07,1.27E+02,127.3232374
106.532744,189.0552584,189.1091609,1.06375E-07,143.5023233,143.543136
106.6558597,119.4276998,119.4823005,1.065E-07,91.78142914,91.82280396
106.7789754,-5.492400076,-5.463552934,1.06625E-07,-2.87E+00,-2.845742333
106.9020911,-125.1630007,-125.1737852,1.0675E-07,-96.15220122,-96.16024181
107.0252068,-186.8120024,-186.8569307,1.06875E-07,-143.4699933,-143.5022757
107.1483224,-161.7769859,-161.8307662,0.000000107,-1.22E+02,-121.8318609
107.2714381,-56.76964699,-56.80679113,1.07125E-07,-41.64902403,-41.67983234
107.3945538,78.47893781,78.47110147,1.0725E-07,58.43987328,58.43484939
107.5176695,173.6493936,173.6764899,1.07375E-07,1.30E+02,130.2124224
107.6407852,181.9030715,181.9537433,1.075E-07,138.5855505,138.6233461
107.7639009,103.5217074,103.5702023,1.07625E-07,80.16519406,80.20236468
107.8870166,-21.57268338,-21.5490139,1.0775E-07,-1.55E+01,-15.50607137
108.0101323,-134.5723799,-134.5823451,1.07875E-07,-102.5379265,-102.5454207
108.133248,-183.5031696,-183.5418274,0.000000108,-140.602841,-140.6336726
108.2563636,-146.6333021,-146.6850001,1.08125E-07,-1.12E+02,-112.2075828
108.3794793,-40.83270371,-40.87333823,1.0825E-07,-30.51347486,-30.54439406
108.502595,85.60635234,85.59621197,1.08375E-07,65.37723168,65.36962563
108.6257107,171.5871671,171.6125895,1.085E-07,1.30E+02,129.5865658
108.7488264,173.5275205,173.5769195,1.08625E-07,131.6617609,131.7001857
108.8719421,91.7363548,91.78778187,1.0875E-07,71.01118363,71.0506911
108.9950578,-31.50515323,-31.47553733,1.08875E-07,-2.33E+01,-23.24389714
109.1181735,-138.2682634,-138.2755761,0.000000109,-106.3016813,-106.3077413
109.2412892,-181.0982093,-181.1399453,1.09125E-07,-139.0367514,-139.0690287
109.3644048,-139.8052394,-139.8624813,1.0925E-07,-1.06E+02,-106.1616774
109.4875205,-31.13788515,-31.18340963,1.09375E-07,-22.41131741,-22.44581055
109.6106362,94.98260454,94.97086018,1.095E-07,73.0547892,73.04654128
109.7337519,177.2474636,177.2764922,1.09625E-07,1.34E+02,134.2446333
109.8568676,173.4617058,173.5184064,1.0975E-07,130.6226809,130.6658447
109.9799833,83.99789831,84.05519715,1.09875E-07,63.55598168,63.59936767
110.103099,-46.34974243,-46.31967106,0.00000011,-3.44E+01,-34.33067128
110.2262147,-152.7045583,-152.7165397,1.10125E-07,-115.6288798,-115.6381592
110.3493304,-184.9080172,-184.9566473,1.1025E-07,-141.1462997,-141.1836161
110.472446,-129.5880411,-129.6506924,1.10375E-07,-9.88E+01,-98.86938214
110.5955617,-12.73543713,-12.78211696,1.105E-07,-9.118330123,-9.153567368
110.7186774,111.3513808,111.3435577,1.10625E-07,84.92677739,84.92149647
110.8417931,182.5889919,182.6251099,1.1075E-07,1.38E+02,138.0720314
110.9649088,164.7368299,164.8005051,1.10875E-07,124.3387743,124.387264
111.0880245,66.08855665,66.14941804,0.000000111,50.41720012,50.46303889
111.2111402,-63.90242966,-63.87442728,1.11125E-07,-4.74E+01,-47.40042834
111.3342559,-160.9308027,-160.9502747,1.1125E-07,-121.5631742,-121.5782354
111.4573716,-179.2239187,-179.2820436,1.11375E-07,-136.8461817,-136.8902118
111.5804873,-112.7615606,-112.830149,1.115E-07,-8.69E+01,-86.91743878
111.7036029,5.492256776,5.447166022,1.11625E-07,4.079302198,4.045432131
111.8267186,120.920165,120.9210132,1.1175E-07,92.80616299,92.80703766
111.9498343,180.1200692,180.1669093,1.11875E-07,1.37E+02,137.2470287
112.07295,153.5030274,153.5730441,0.000000112,115.889797,115.9426448
112.1960657,51.65952476,51.71838032,1.12125E-07,38.69326833,38.73765581
112.3191814,-76.11649074,-76.0977325,1.1225E-07,-5.72E+01,-57.23223986
112.4422971,-166.1527199,-166.18286,1.12375E-07,-125.2851043,-125.3073353
112.5654128,-174.4537179,-174.5169381,1.125E-07,-132.5267385,-132.5739742
112.6885285,-98.90075698,-98.96508838,1.12625E-07,-7.61E+01,-76.1378615
112.8116441,22.27501062,22.24121515,1.1275E-07,16.26406293,16.23780594
112.9347598,131.4288828,131.4407003,1.12875E-07,100.3169196,100.3247029
113.0578755,178.3588286,178.4081907,0.000000113,1.36E+02,136.440162
113.1809912,141.3786141,141.4396238,1.13125E-07,107.6625644,107.7088002
113.3041069,36.96630031,37.00940969,1.1325E-07,27.86156999,27.895221
113.4272226,-85.65547414,-85.64918175,1.13375E-07,-6.50E+01,-64.94762733
113.5503383,-166.8739406,-166.9046643,1.135E-07,-126.6200593,-126.6420754
113.673454,-167.5846445,-167.6349691,1.13625E-07,-128.1897358,-128.2270913
113.7965697,-89.50553095,-89.5495182,1.1375E-07,-6.95E+01,-69.56087812
113.9196853,28.52933106,28.51321287,1.13875E-07,21.59281243,21.57954685
114.042801,132.6911558,132.7086119,0.000000114,103.2803755,103.2912222
114.1659167,178.0314199,178.0692316,1.14125E-07,1.38E+02,138.2684888
114.2890324,143.7943727,143.8283656,1.1425E-07,109.3874677,109.4118872
114.4121481,40.74351548,40.75454275,1.14375E-07,27.67705192,27.68743935
114.5352638,-88.44026891,-88.45348694,1.145E-07,-7.05E+01,-70.49886166
114.6583795,-181.7310822,-181.7522661,1.14625E-07,-137.8722544,-137.883667
114.7814952,-187.3042399,-187.3138471,1.1475E-07,-139.2738433,-139.2803719
114.9046109,-96.81660446,-96.80847765,1.14875E-07,-7.16E+01,-71.62545203
115.0277265,44.04882912,44.06294299,0.000000115,32.19556913,32.20052967
115.1508422,161.2077427,161.209537,1.15125E-07,120.3265871,120.3245449
115.2739579,196.6043451,196.5861467,1.1525E-07,1.50E+02,149.8204888
115.3970736,138.4590765,138.4314407,1.15375E-07,108.2662924,108.2491475
115.5201893,19.9282396,19.91214822,1.155E-07,17.243661,17.2351892
115.643305,-103.9717545,-103.9610623,1.15625E-07,-8.05E+01,-80.5131266
115.7664207,-180.9741837,-180.9384014,1.1575E-07,-141.1455454,-141.1186973
115.8895364,-178.3193364,-178.2763322,1.15875E-07,-137.5175306,-137.4863964
116.0126521,-94.06087753,-94.03439145,0.000000116,-7.04E+01,-70.35326835
116.1357677,37.57665207,37.56979554,1.16125E-07,30.83131625,30.82411827
116.2588834,155.72351,155.682628,1.1625E-07,119.3801561,119.3481551
116.3819991,201.18366,201.1265146,1.16375E-07,1.53E+02,152.6190819
116.5051148,149.599607,149.5555359,1.165E-07,113.717374,113.6863282
116.6282305,26.25108801,26.24614189,1.16625E-07,20.6657042,20.66399302
116.7513462,-108.2681986,-108.2275498,1.1675E-07,-8.21E+01,-82.10115303
116.8744619,-190.5150915,-190.448448,1.16875E-07,-146.14671,-146.0979286
116.9975776,-184.0252214,-183.9683074,0.000000117,-141.7867939,-141.7451383
117.1206933,-93.05849637,-93.0418286,1.17125E-07,-7.14E+01,-71.42617557
117.243809,41.14678769,41.11595628,1.1725E-07,32.29722104,32.275559
117.3669246,157.6529385,157.5929466,1.17375E-07,121.4842216,121.4396191
117.4900403,201.8216555,201.7632819,1.175E-07,1.55E+02,154.486861
117.613156,151.4117624,151.3807753,1.17625E-07,115.5791665,115.5534343
117.7362717,29.3366775,29.34358677,1.1775E-07,22.43173357,22.43600152
117.8593874,-106.5482953,-106.5087723,1.17875E-07,-8.15E+01,-81.45555619
117.9825031,-192.3105371,-192.2546991,0.000000118,-147.6955792,-147.6506242
118.1056188,-188.8428631,-188.792476,1.18125E-07,-145.4699835,-145.4301246
118.2287345,-98.62942992,-98.60555011,1.1825E-07,-7.58E+01,-75.80622554
118.3518502,37.19506571,37.18002496,1.18375E-07,29.31227001,29.2990058
118.4749658,157.2539699,157.2035617,1.185E-07,121.6024356,121.5624299
118.5980815,206.0098054,205.9448348,1.18625E-07,1.58E+02,157.9875394
118.7211972,158.8210679,158.7715171,1.1875E-07,120.7943083,120.7571138
118.8443129,35.57881115,35.56939284,1.18875E-07,26.31446102,26.30820454
118.9674286,-106.1921459,-106.155108,0.000000119,-8.15E+01,-81.46189806
119.0905443,-198.5605408,-198.493189,1.19125E-07,-151.7176788,-151.6659387
119.21366,-197.2432118,-197.1767693,1.1925E-07,-150.9519238,-150.9011146
119.3367757,-103.3433067,-103.3090403,1.19375E-07,-7.94E+01,-79.3497208
119.4598914,38.491516,38.47732768,1.195E-07,29.51314047,29.50211666
119.583007,162.3695877,162.3132736,1.19625E-07,124.9262347,124.8827731
119.7061227,211.3609534,211.2882186,1.1975E-07,1.62E+02,162.3633721
119.8292384,162.4695765,162.4134707,1.19875E-07,124.275075,124.231729
119.9523541,37.18919666,37.17523948,0.00000012,27.77068225,27.76007963
120.0754698,-106.928212,-106.8933114,1.20125E-07,-8.24E+01,-82.37589514
120.1985855,-201.9956367,-201.9270298,1.2025E-07,-154.6604473,-154.6071514
120.3217012,-202.3926827,-202.3209913,1.20375E-07,-154.8523545,-154.7969626
120.4448169,-107.7090723,-107.6668954,1.205E-07,-8.27E+01,-82.6700146
120.5679326,36.98784204,36.98096213,1.20625E-07,27.99605398,27.99065291
120.6910482,163.7011802,163.6482012,1.2075E-07,125.5520264,125.51114
120.8141639,214.1162108,214.0413178,1.20875E-07,1.65E+02,164.6801928
120.9372796,165.7750922,165.7121844,0.000000121,127.5686371,127.5196798
121.0603953,41.0210635,40.99804171,1.21125E-07,31.20832309,31.19017707
121.183511,-103.358446,-103.3318303,1.2125E-07,-8.00E+01,-79.98221409
121.3066267,-201.0269214,-200.9624699,1.21375E-07,-154.6665563,-154.6159585
121.4297424,-205.9746665,-205.9000868,1.215E-07,-157.8580082,-157.7994735
121.5528581,-114.6890949,-114.6364771,1.21625E-07,-8.76E+01,-87.53984281
121.6759738,30.8131207,30.82040117,1.2175E-07,23.79763566,23.80267954
121.7990894,162.2843663,162.2418361,1.21875E-07,124.391155,124.357345
121.9222051,217.9691894,217.8942888,0.000000122,1.67E+02,167.1038272
122.0453208,172.0401939,171.9658182,1.22125E-07,132.0828603,132.0255166
122.1684365,46.19653114,46.15674445,1.2225E-07,35.44669341,35.41649777
122.2915522,-101.146807,-101.1328226,1.22375E-07,-7.79E+01,-77.84869838
122.4146679,-201.9165316,-201.8541412,1.225E-07,-155.2175031,-155.169059
122.5377836,-209.2881992,-209.2052954,1.22625E-07,-160.5624332,-160.4983248
122.6608993,-119.2083348,-119.1425084,1.2275E-07,-9.11E+01,-91.06488072
122.784015,27.0567965,27.07553392,1.22875E-07,21.09372546,21.10802247
122.9071307,161.3957857,161.3585533,0.000000123,123.8652409,123.836081
123.0302463,220.6736852,220.5966281,1.23125E-07,1.69E+02,169.0617123
123.153362,176.8475754,176.7648713,1.2325E-07,135.5339312,135.4699183
123.2764777,50.3941772,50.34320848,1.23375E-07,38.65154401,38.61250769
123.3995934,-99.54448741,-99.53985591,1.235E-07,-7.64E+01,-76.349739
123.5227091,-203.1018836,-203.0426865,1.23625E-07,-155.8417747,-155.7957443
123.6458248,-212.1390619,-212.0516326,1.2375E-07,-162.7245756,-162.6571792
123.7689405,-122.3472676,-122.2716719,1.23875E-07,-9.37E+01,-93.65414392
123.8920562,24.71475543,24.7433448,0.000000124,19.12804124,19.14984811
124.0151719,160.6033501,160.5713681,1.24125E-07,123.2176519,123.1929062
124.1382875,221.7205484,221.6424675,1.2425E-07,1.70E+02,169.8826589
124.2614032,179.282402,179.1939496,1.24375E-07,137.4185707,137.3503651
124.3845189,53.11659305,53.05826266,1.245E-07,40.80294368,40.75797888
124.5076346,-97.67651462,-97.67799184,1.24625E-07,-7.48E+01,-74.79841265
124.6307503,-202.7112408,-202.655088,1.2475E-07,-155.4816347,-155.4382667
124.753866,-213.2867548,-213.1985415,1.24875E-07,-163.7205159,-163.6524545
124.8769817,-124.7297911,-124.6498211,0.000000125,-9.58E+01,-95.72074905
125,21.72184894,21.75704339,1.25125E-07,-22.33327115,-22.28817787
125.0498584,80.06324878,80.0734654,1.2525E-07,74.81827096,74.82905283
125.0997169,127.914693,127.9010623,1.25375E-07,1.37E+02,136.5615683
125.1994337,193.1052053,193.0496712,1.255E-07,163.2138597,163.166959
125.2991506,198.5130265,198.4328557,1.25625E-07,152.4613172,152.3965662
125.4355121,111.817429,111.7434612,1.2575E-07,7.87E+01,78.66177428
125.5718736,-41.0818653,-41.10930711,1.25875E-07,-29.8259714,-29.84582886
125.7082352,-171.4693718,-171.435119,0.000000126,-121.6338046,-121.6087158
125.8445967,-202.185744,-202.1081246,1.26125E-07,-1.47E+02,-146.7739884
125.9809582,-122.1914704,-122.1128579,1.2625E-07,-89.57424411,-89.51733188
126.1173198,23.03725576,23.07346081,1.26375E-07,18.31542629,18.34156208
126.2536813,158.822323,158.7959821,1.265E-07,1.15E+02,115.1459142
126.3900428,207.2929208,207.2183676,1.26625E-07,148.0806154,148.0265401
126.5264043,137.3389078,137.2570982,1.2675E-07,99.56065381,99.50129956
126.6627659,-8.17161319,-8.215768471,1.26875E-07,-4.74E+00,-4.770846009
126.7991274,-146.8167497,-146.7987902,0.000000127,-106.559178,-106.5460367
126.9354889,-204.9467427,-204.8763049,1.27125E-07,-148.305522,-148.2543695
127.0718505,-149.7942942,-149.7099487,1.2725E-07,-1.08E+02,-107.797805
127.208212,-10.77096219,-10.71930505,1.27375E-07,-8.089285551,-8.052033526
127.3445735,133.6157231,133.6058817,1.275E-07,96.74817083,96.74090216
127.4809351,204.2673039,204.2011094,1.27625E-07,1.48E+02,148.1124377
127.6172966,162.704999,162.6189937,1.2775E-07,116.8727726,116.8107178
127.7536581,29.47824144,29.42032622,1.27875E-07,20.90447183,20.86275264
127.8900197,-120.8960553,-120.8934884,0.000000128,-8.64E+01,-86.39812142
128.0263812,-202.2782922,-202.2165691,1.28125E-07,-146.1388417,-146.0943889
128.1627427,-171.3816282,-171.2952894,1.2825E-07,-124.778596,-124.7163846
128.2991042,-47.27889989,-47.21620016,1.28375E-07,-3.39E+01,-33.8442465
128.4354658,103.6025569,103.6067964,1.285E-07,75.57723129,75.58051676
128.5718273,198.4333625,198.3772337,1.28625E-07,143.1003957,143.0600316
128.7081888,182.5982345,182.5132668,1.2875E-07,1.32E+02,131.5235944
128.8445504,64.73663103,64.66995509,1.28875E-07,46.80893561,46.76062805
128.9809119,-88.98036331,-88.99201074,0.000000129,-64.36001995,-64.36853312
129.1172734,-193.4566709,-193.4070213,1.29125E-07,-1.40E+02,-139.6006934
129.253635,-190.292824,-190.209376,1.2925E-07,-137.3294047,-137.2690636
129.3899965,-81.20213844,-81.13110588,1.29375E-07,-59.01363668,-58.96225077
129.526358,72.26555061,72.2848745,1.295E-07,5.22E+01,52.19808771
129.6627196,185.5702637,185.5272813,1.29625E-07,134.5903717,134.5593662
129.7990811,196.9151927,196.8338579,1.2975E-07,142.0948142,142.0360178
129.9354426,98.61936482,98.54475435,1.29875E-07,7.06E+01,70.50467797
130.0718041,-55.79790054,-55.82450196,0.00000013,-40.26353986,-40.28278579
130.2081657,-179.1464445,-179.1103259,1.30125E-07,-128.9980106,-128.9718479
130.3445272,-202.1981206,-202.1191939,1.3025E-07,-1.46E+02,-146.0551366
130.4808887,-113.0780892,-112.9999472,1.30375E-07,-81.82927924,-81.77276115
130.6172503,38.53956215,38.57367157,1.305E-07,27.90235684,27.92705802
130.7536118,168.8828029,168.8540632,1.30625E-07,1.22E+02,122.0122544
130.8899733,205.5265499,205.4508372,1.3075E-07,148.4571623,148.4024023
131.0263349,128.0315218,127.9507413,1.30875E-07,92.34931157,92.29199939
131.1626964,-20.82792674,-20.86683842,0.000000131,-1.53E+01,-15.31754693
131.2990579,-158.6080321,-158.5858352,1.31125E-07,-114.473816,-114.4584729
131.4354195,-208.1197053,-208.0501074,1.3125E-07,-150.0761622,-150.0238025
131.571781,-141.5442922,-141.4617698,1.31375E-07,-1.03E+02,-102.4614629
131.7081425,3.081109279,3.127181642,1.315E-07,1.814936662,1.848489257
131.844504,145.1741655,145.1587484,1.31625E-07,105.1849634,105.1753583
131.9808656,207.2888174,207.2235349,1.3175E-07,1.50E+02,150.2593627
132.1172271,155.4402848,155.359977,1.31875E-07,112.1487024,112.090361
132.2535886,17.00858732,16.95718718,0.000000132,11.64037043,11.60288616
132.3899502,-132.159544,-132.1542046,1.32125E-07,-9.58E+01,-95.78522952
132.5263117,-208.5872126,-208.5276462,1.3225E-07,-150.3677012,-150.3251769
132.6626732,-168.5758584,-168.4961491,1.32375E-07,-121.3118902,-121.2535035
132.7990348,-34.03656777,-33.97936084,1.325E-07,-2.46E+01,-24.5959471
132.9353963,119.3000214,119.3042549,1.32625E-07,85.75724106,85.76034608
133.0717578,205.5510499,205.500053,1.3275E-07,148.5080343,148.4709088
133.2081193,177.7160471,177.6375627,1.32875E-07,1.29E+02,128.8042998
133.3444809,52.17193224,52.10854654,0.000000133,37.75335112,37.7072861
133.4808424,-102.2093449,-102.2229905,1.33125E-07,-74.37434847,-74.38456328
133.6172039,-200.9206292,-200.8776731,1.3325E-07,-1.46E+02,-145.5524669
133.7535655,-188.9590262,-188.8819432,1.33375E-07,-136.5105467,-136.4544683
133.889927,-72.10046417,-72.03126355,1.335E-07,-51.84884513,-51.79833863
134.0262885,85.2613359,85.28526598,1.33625E-07,6.21E+01,62.12028306
134.1626501,196.3063454,196.2718297,1.3375E-07,142.6528346,142.6277196
134.2990116,200.0443333,199.9701732,1.33875E-07,145.0195592,144.9655248
134.4353731,93.73277313,93.65921985,0.000000134,6.68E+01,66.74380205
134.5717347,-66.44951412,-66.48256906,1.34125E-07,-41.28217892,-41.31147719
134.6801563,-176.297131,-176.2821742,1.3425E-07,-145.3282269,-145.315892
134.7885779,-224.2069397,-224.149215,1.34375E-07,-1.82E+02,-181.9167469
134.8969995,-187.6314665,-187.5513196,1.345E-07,-153.8126477,-153.7466238
135,-83.41835578,-83.34403263,1.34625E-07,-102.3591181,-102.2892831
135.0498584,-17.08676967,-17.02724661,1.3475E-07,-1.86E+01,-18.57769853
135.0997169,46.14735469,46.18863556,1.34875E-07,67.8926019,67.92290548
135.1994337,152.8719735,152.8730576,0.000000135,128.9469081,128.9474684
135.2991506,211.7464615,211.7063013,1.35125E-07,1.65E+02,165.2843947
135.4415956,177.7699864,177.6957319,1.3525E-07,119.8609093,119.8088752
135.5840407,27.97535717,27.91144913,1.35375E-07,21.01685674,20.97223033
135.7264858,-135.736273,-135.7512712,1.355E-07,-9.02E+01,-90.21283444
135.8689308,-208.3805808,-208.337118,1.35625E-07,-146.9732239,-146.9425627
136.0113759,-158.2101748,-158.1338542,1.3575E-07,-112.8644249,-112.8110424
136.153821,-17.34826913,-17.2849668,1.35875E-07,-1.03E+01,-10.24998604
136.296266,137.621929,137.6338821,0.000000136,96.18758914,96.19589406
136.4387111,209.7234474,209.6767549,1.36125E-07,144.4628135,144.4303919
136.5811562,151.3036981,151.2269016,1.3625E-07,1.06E+02,106.2088243
136.7236012,2.800987949,2.740893684,1.36375E-07,3.047526105,3.00565462
136.8660463,-145.2086459,-145.2155923,1.365E-07,-101.3720546,-101.377239
137.0084914,-205.5450971,-205.4953718,1.36625E-07,-1.43E+02,-142.6676921
137.1509364,-140.1950805,-140.1197918,1.3675E-07,-97.91402579,-97.86167382
137.2933815,9.717045532,9.772024138,1.36875E-07,5.533620388,5.572561529
137.4358265,151.2623213,151.2649148,0.000000137,1.06E+02,105.8430719
137.5782716,201.9632353,201.9141196,1.37125E-07,141.489552,141.4562141
137.7207167,131.7167826,131.6475134,1.3725E-07,91.42601689,91.37780955
137.8631617,-19.11120148,-19.15850046,1.37375E-07,-1.26E+01,-12.58773555
138.0056068,-156.824273,-156.8229846,1.375E-07,-108.443454,-108.4442295
138.1480519,-197.7757066,-197.7299585,1.37625E-07,-139.256271,-139.2258227
138.2904969,-121.6882689,-121.6286608,1.3775E-07,-8.58E+01,-85.80413146
138.432942,26.08450471,26.12169558,1.37875E-07,19.15859889,19.18641421
138.5753871,160.0054667,160.0014892,0.000000138,112.0469327,112.0474274
138.7178321,198.0093607,197.9731592,1.38125E-07,1.38E+02,137.7499335
138.8602772,115.5397174,115.4983779,1.3825E-07,80.69391638,80.66467771
139.0027223,-36.62152794,-36.64380378,1.38375E-07,-25.70477261,-25.7241076
139.1451673,-166.9492626,-166.9465931,1.385E-07,-1.17E+02,-116.7543226
139.2876124,-196.8811804,-196.8648414,1.38625E-07,-136.9443296,-136.9351735
139.4300574,-106.9393965,-106.923754,1.3875E-07,-74.28306945,-74.26988285
139.5725025,48.31504153,48.3250757,1.38875E-07,3.38E+01,33.80187429
139.7149476,174.5182571,174.5275026,0.000000139,122.0068087,122.0181986
139.8573926,195.6985759,195.7113215,1.39125E-07,135.8757157,135.885815
140,97.23317428,97.2441275,1.3925E-07,1.96E+02,195.8871628
